-- MySQL dump 10.13  Distrib 8.0.29, for Linux (x86_64)
--
-- Host: matchpoint.mysql.pythonanywhere-services.com    Database: matchpoint$matchpoint_db
-- ------------------------------------------------------
-- Server version	8.0.35

/*!40101 SET @OLD_CHARACTER_SET_CLIENT=@@CHARACTER_SET_CLIENT */;
/*!40101 SET @OLD_CHARACTER_SET_RESULTS=@@CHARACTER_SET_RESULTS */;
/*!40101 SET @OLD_COLLATION_CONNECTION=@@COLLATION_CONNECTION */;
/*!50503 SET NAMES utf8mb4 */;
/*!40103 SET @OLD_TIME_ZONE=@@TIME_ZONE */;
/*!40103 SET TIME_ZONE='+00:00' */;
/*!40014 SET @OLD_UNIQUE_CHECKS=@@UNIQUE_CHECKS, UNIQUE_CHECKS=0 */;
/*!40014 SET @OLD_FOREIGN_KEY_CHECKS=@@FOREIGN_KEY_CHECKS, FOREIGN_KEY_CHECKS=0 */;
/*!40101 SET @OLD_SQL_MODE=@@SQL_MODE, SQL_MODE='NO_AUTO_VALUE_ON_ZERO' */;
/*!40111 SET @OLD_SQL_NOTES=@@SQL_NOTES, SQL_NOTES=0 */;

--
-- Table structure for table `match`
--

DROP TABLE IF EXISTS `match`;
/*!40101 SET @saved_cs_client     = @@character_set_client */;
/*!50503 SET character_set_client = utf8mb4 */;
CREATE TABLE `match` (
  `Match_Id` int NOT NULL AUTO_INCREMENT,
  `Series_Id` int NOT NULL,
  `Date_Time` datetime NOT NULL,
  `Place` varchar(15) COLLATE utf8mb4_general_ci DEFAULT NULL,
  `Team_1` int NOT NULL,
  `Team_2` int NOT NULL,
  `Winner` enum('0','1','2') COLLATE utf8mb4_general_ci DEFAULT NULL,
  `Updated_By` int NOT NULL,
  `Updated_TS` timestamp NOT NULL DEFAULT CURRENT_TIMESTAMP,
  PRIMARY KEY (`Match_Id`),
  KEY `FK_Series_Id2_idx` (`Series_Id`),
  KEY `FK_Team_Id1_idx` (`Team_1`),
  KEY `FK_Team_Id2_idx` (`Team_2`),
  KEY `FK_Updated_By_Match` (`Updated_By`),
  CONSTRAINT `FK_Series_Id3` FOREIGN KEY (`Series_Id`) REFERENCES `series` (`Series_Id`),
  CONSTRAINT `FK_Team_Id1` FOREIGN KEY (`Team_1`) REFERENCES `team` (`Team_Id`),
  CONSTRAINT `FK_Team_Id2` FOREIGN KEY (`Team_2`) REFERENCES `team` (`Team_Id`),
  CONSTRAINT `FK_Updated_By_Match` FOREIGN KEY (`Updated_By`) REFERENCES `user` (`User_Id`)
) ENGINE=InnoDB AUTO_INCREMENT=115 DEFAULT CHARSET=utf8mb4 COLLATE=utf8mb4_general_ci;
/*!40101 SET character_set_client = @saved_cs_client */;

--
-- Dumping data for table `match`
--

LOCK TABLES `match` WRITE;
/*!40000 ALTER TABLE `match` DISABLE KEYS */;
INSERT INTO `match` VALUES (1,1,'2024-03-22 19:30:00','Chennai',1,9,'1',10,'2024-03-29 20:09:16'),(2,1,'2024-03-23 15:00:00','Mohali',7,2,'1',10,'2024-03-29 20:09:28'),(3,1,'2024-03-23 19:00:00','Kolkata',4,10,'1',10,'2024-03-29 20:09:36'),(4,1,'2024-03-24 15:00:00','Jaipur ',8,5,'1',10,'2024-03-29 20:15:11'),(5,1,'2024-03-24 19:00:00','Ahmedabad',3,6,'1',10,'2024-03-29 20:18:43'),(6,1,'2024-03-25 19:00:00','Bengaluru',9,7,'1',10,'2024-03-29 20:24:55'),(7,1,'2024-03-26 19:00:00','Chennai',1,3,'1',10,'2024-03-30 10:43:13'),(8,1,'2024-03-27 19:00:00','Hyderabad',10,6,'1',10,'2024-03-30 10:52:20'),(9,1,'2024-03-28 19:00:00','Jaipur',8,2,'1',10,'2024-03-30 10:56:10'),(10,1,'2024-03-29 19:00:00','Bengaluru',9,4,'2',10,'2024-03-31 06:32:08'),(11,1,'2024-03-30 19:00:00','Lucknow',5,7,'1',10,'2024-03-31 06:51:19'),(12,1,'2024-03-31 15:00:00','Ahmedabad',3,10,'1',10,'2024-03-31 13:24:20'),(13,1,'2024-03-31 19:00:00','Visakhapatnam',2,1,'1',10,'2024-03-31 18:52:15'),(14,1,'2024-04-01 19:00:00','Mumbai',6,8,'2',4,'2024-04-01 17:28:44'),(15,1,'2024-04-02 19:00:00','Bengaluru',9,5,'2',4,'2024-04-02 17:38:38'),(16,1,'2024-04-03 19:00:00','Visakhapatnam',2,4,'2',4,'2024-04-03 18:04:26'),(17,1,'2024-04-04 19:00:00','Ahmedabad',3,7,'2',4,'2024-04-04 17:45:37'),(18,1,'2024-04-05 19:00:00','Hyderabad',10,1,'1',4,'2024-04-05 17:21:27'),(19,1,'2024-04-06 19:00:00','Jaipur',8,9,'1',4,'2024-04-06 17:37:22'),(20,1,'2024-04-07 15:00:00','Mumbai',6,2,'1',4,'2024-04-07 13:48:13'),(21,1,'2024-04-07 19:00:00','Lucknow',5,3,'1',4,'2024-04-07 17:45:32'),(22,1,'2024-04-08 19:00:00','Chennai',1,4,'1',5,'2024-04-08 17:43:04'),(23,1,'2024-04-09 19:00:00','Mohali',7,10,'2',4,'2024-04-09 17:44:25'),(24,1,'2024-04-10 19:00:00','Jaipur',8,3,'2',4,'2024-04-10 18:18:38'),(25,1,'2024-04-11 19:00:00','Mumbai',6,9,'1',4,'2024-04-11 17:46:37'),(26,1,'2024-04-12 19:00:00','Lucknow',5,2,'2',4,'2024-04-12 17:42:14'),(27,1,'2024-04-13 19:00:00','Mohali',7,8,'2',4,'2024-04-13 17:45:00'),(28,1,'2024-04-14 15:00:00','Kolkata',4,5,'1',5,'2024-04-14 13:42:59'),(29,1,'2024-04-14 19:00:00','Mumbai',6,1,'2',4,'2024-04-14 17:51:17'),(30,1,'2024-04-15 19:00:00','Bengaluru',9,10,'2',4,'2024-04-15 17:41:39'),(31,1,'2024-04-17 19:00:00','Ahmedabad',3,2,'2',4,'2024-04-17 16:44:00'),(32,1,'2024-04-16 19:00:00','Kolkata',4,8,'2',4,'2024-04-16 18:08:47'),(33,1,'2024-04-18 19:00:00','Mohali',7,6,'2',4,'2024-04-18 18:08:49'),(34,1,'2024-04-19 19:00:00','Lucknow',5,1,'1',4,'2024-04-19 17:47:40'),(35,1,'2024-04-20 19:00:00','Delhi',2,10,'2',4,'2024-04-20 17:40:43'),(36,1,'2024-04-21 15:00:00','Kolkata',4,9,'1',4,'2024-04-21 14:16:15'),(37,1,'2024-04-21 19:00:00','Mohali',7,3,'2',4,'2024-04-21 17:34:00'),(38,1,'2024-04-22 19:00:00','Jaipur',8,6,'1',4,'2024-04-22 18:14:38'),(39,1,'2024-04-23 19:00:00','Chennai',1,5,'2',4,'2024-04-23 17:59:12'),(40,1,'2024-04-24 19:00:00','Delhi',2,3,'1',4,'2024-04-24 17:42:57'),(41,1,'2024-04-25 19:00:00','Hyderabad',10,9,'2',5,'2024-04-25 17:45:08'),(42,1,'2024-04-26 19:00:00','Kolkata',4,7,'2',4,'2024-04-26 17:50:32'),(43,1,'2024-04-27 15:00:00','Delhi',2,6,'1',4,'2024-04-27 14:09:24'),(44,1,'2024-04-27 19:00:00','Lucknow',5,8,'2',4,'2024-04-27 17:38:52'),(45,1,'2024-04-28 15:00:00','Ahmedabad',3,9,'2',4,'2024-04-28 13:20:02'),(46,1,'2024-04-28 19:00:00','Chennai',1,10,'1',5,'2024-04-28 18:02:13'),(47,1,'2024-04-29 19:00:00','Kolkata',4,2,'1',4,'2024-04-29 17:43:22'),(48,1,'2024-04-30 19:00:00','Lucknow',5,6,'1',4,'2024-04-30 17:53:22'),(49,1,'2024-05-01 19:00:00','Chennai',1,7,'2',4,'2024-05-01 17:57:23'),(50,1,'2024-05-02 19:00:00','Hyderabad',10,8,'1',4,'2024-05-02 17:54:16'),(51,1,'2024-05-03 19:00:00','Mumbai',6,4,'2',4,'2024-05-03 18:45:48'),(52,1,'2024-05-04 19:00:00','Bengaluru',9,3,'1',4,'2024-05-04 17:16:03'),(53,1,'2024-05-05 15:00:00','Dharamshala',7,1,'2',4,'2024-05-05 13:32:58'),(54,1,'2024-05-05 19:00:00','Lucknow',5,4,'2',4,'2024-05-05 17:47:27'),(55,1,'2024-05-06 19:00:00','Mumbai',6,10,'1',4,'2024-05-06 17:42:45'),(56,1,'2024-05-07 19:00:00','Delhi',2,8,'1',4,'2024-05-07 17:58:56'),(57,1,'2024-05-08 19:00:00','Hyderabad',10,5,'1',4,'2024-05-08 16:45:39'),(58,1,'2024-05-09 19:00:00','Dharamshala',7,9,'2',2,'2024-05-09 18:06:56'),(59,1,'2024-05-10 19:00:00','Ahmedabad',3,1,'1',2,'2024-05-10 18:02:02'),(60,1,'2024-05-11 19:00:00','Kolkata',4,6,'1',5,'2024-05-11 19:56:47'),(61,1,'2024-05-12 15:00:00','Chennai',1,8,'1',4,'2024-05-12 14:03:51'),(62,1,'2024-05-12 19:00:00','Bengaluru',9,2,'1',4,'2024-05-12 17:41:32'),(63,1,'2024-05-13 19:00:00','Ahmedabad',3,4,'0',10,'2024-06-01 17:23:58'),(64,1,'2024-05-14 19:00:00','Delhi',2,5,'1',5,'2024-05-15 02:00:08'),(65,1,'2024-05-15 19:00:00','Guwahati',8,7,'2',2,'2024-05-15 17:44:45'),(66,1,'2024-05-16 19:00:00','Hyderabad',10,3,'0',10,'2024-06-01 17:36:13'),(67,1,'2024-05-17 19:00:00','Mumbai',6,5,'2',4,'2024-05-17 18:47:04'),(68,1,'2024-05-18 19:00:00','Bengaluru',9,1,'1',2,'2024-05-18 18:34:29'),(69,1,'2024-05-19 15:00:00','Hyderabad',10,7,'1',2,'2024-05-19 13:45:57'),(70,1,'2024-05-19 19:00:00','Guwahati',8,4,'0',10,'2024-06-01 17:36:41'),(71,1,'2024-05-21 19:00:00','Ahmedabad',4,10,'1',4,'2024-05-21 17:14:24'),(72,1,'2024-05-22 19:00:00','Ahmedabad',8,9,'1',2,'2024-05-22 17:56:04'),(73,1,'2024-05-24 19:00:00','Chennai',10,8,'1',2,'2024-05-24 17:48:03'),(74,1,'2024-05-26 19:00:00','Chennai',10,4,'2',2,'2024-05-26 17:04:57'),(75,2,'2024-06-02 05:30:00','Dallas',26,27,'2',10,'2024-06-02 04:54:44'),(76,2,'2024-06-02 19:30:00','Guyana',18,16,'1',4,'2024-06-02 18:10:09'),(77,2,'2024-06-03 05:30:00','Barbados',23,25,'1',4,'2024-06-03 04:29:48'),(78,2,'2024-06-03 19:30:00','New York',14,13,'2',4,'2024-06-03 17:37:55'),(79,2,'2024-06-04 05:30:00','Guyana',19,20,'1',10,'2024-06-04 04:42:08'),(80,2,'2024-06-04 19:30:00','Barbados',21,24,'0',10,'2024-06-05 17:10:24'),(81,2,'2024-06-04 20:30:00','Dallas',11,12,'1',4,'2024-06-05 08:27:05'),(82,2,'2024-06-05 19:30:00','New York',28,30,'1',4,'2024-06-05 17:20:18'),(83,2,'2024-06-06 04:30:00','Guyana',16,20,'2',4,'2024-06-06 02:37:30'),(84,2,'2024-06-06 05:30:00','Barbados',22,25,'1',4,'2024-06-06 05:05:28'),(85,2,'2024-06-06 20:30:00','Dallas',27,29,'1',4,'2024-06-07 03:00:31'),(86,2,'2024-06-07 00:00:00','Barbados',23,24,'2',4,'2024-06-07 03:00:41'),(87,2,'2024-06-07 19:30:00','New York',26,30,'1',4,'2024-06-07 17:57:05'),(88,2,'2024-06-08 04:30:00','Guyana',17,19,'2',4,'2024-06-08 03:03:24'),(89,2,'2024-06-08 05:30:00','Dallas',14,15,'2',4,'2024-06-08 04:04:27'),(90,2,'2024-06-08 19:30:00','New York',11,13,'2',4,'2024-06-08 17:52:16'),(91,2,'2024-06-08 22:00:00','Barbados',22,21,'1',10,'2024-06-08 21:40:36'),(92,2,'2024-06-09 05:30:00','Guyana',18,20,'1',4,'2024-06-09 03:19:23'),(93,2,'2024-06-09 19:30:00','New York',28,29,'1',4,'2024-06-10 01:32:53'),(94,2,'2024-06-09 22:00:00','Antigua',25,24,'2',4,'2024-06-10 01:33:20'),(95,2,'2024-06-10 19:30:00','New York',13,15,'1',4,'2024-06-10 18:03:00'),(96,2,'2024-06-11 19:30:00','New York',29,26,'1',4,'2024-06-11 17:46:05'),(97,2,'2024-06-12 04:30:00','Florida',14,12,'0',10,'2024-06-13 18:39:21'),(98,2,'2024-06-12 05:30:00','Antigua',22,23,'1',4,'2024-06-12 04:13:12'),(99,2,'2024-06-12 19:30:00','New York',27,28,'2',4,'2024-06-12 18:15:06'),(100,2,'2024-06-13 05:30:00','Trinidad and To',18,17,'1',4,'2024-06-13 05:14:22'),(101,2,'2024-06-13 19:30:00','St Vincent',15,11,'1',4,'2024-06-13 18:05:08'),(102,2,'2024-06-14 00:00:00','Antigua',21,25,'1',4,'2024-06-14 04:01:51'),(103,2,'2024-06-14 05:30:00','Trinidad and To',19,16,'1',4,'2024-06-14 04:02:00'),(104,2,'2024-06-14 19:30:00','Florida',27,30,NULL,10,'2024-06-02 16:59:35'),(105,2,'2024-06-15 04:30:00','St Vincent',13,12,'1',4,'2024-06-15 10:04:29'),(106,2,'2024-06-15 05:30:00','Trinidad and To',17,20,'1',4,'2024-06-15 10:05:03'),(107,2,'2024-06-15 19:30:00','Florida',28,26,NULL,10,'2024-06-02 16:59:35'),(108,2,'2024-06-15 22:00:00','Antigua',23,21,NULL,10,'2024-06-02 16:59:35'),(109,2,'2024-06-16 05:30:00','St Lucia',22,24,NULL,10,'2024-06-02 16:59:35'),(110,2,'2024-06-16 19:30:00','Florida',29,30,NULL,10,'2024-06-02 16:59:35'),(111,2,'2024-06-17 04:30:00','St Vincent',15,12,NULL,10,'2024-06-02 16:59:35'),(112,2,'2024-06-17 05:30:00','St Lucia',14,11,NULL,10,'2024-06-02 16:59:35'),(113,2,'2024-06-17 19:30:00','Trinidad and To',17,16,NULL,10,'2024-06-02 16:59:35'),(114,2,'2024-06-18 05:30:00','St Lucia',18,19,NULL,10,'2024-06-02 16:59:35');
/*!40000 ALTER TABLE `match` ENABLE KEYS */;
UNLOCK TABLES;

--
-- Table structure for table `poll`
--

DROP TABLE IF EXISTS `poll`;
/*!40101 SET @saved_cs_client     = @@character_set_client */;
/*!50503 SET character_set_client = utf8mb4 */;
CREATE TABLE `poll` (
  `Match_Id` int NOT NULL,
  `User_Id` int NOT NULL,
  `Poll_Team` int DEFAULT NULL,
  `Points` int DEFAULT NULL,
  `Updated_By` int NOT NULL,
  `Updated_TS` timestamp NOT NULL DEFAULT CURRENT_TIMESTAMP,
  PRIMARY KEY (`Match_Id`,`User_Id`),
  KEY `FK_Match_Id_idx` (`Match_Id`),
  KEY `FK_User_Id2_idx` (`User_Id`),
  KEY `FK_Team_Poll_idx` (`Poll_Team`),
  KEY `FK_Updated_By_Poll` (`Updated_By`),
  CONSTRAINT `FK_Match_Id` FOREIGN KEY (`Match_Id`) REFERENCES `match` (`Match_Id`),
  CONSTRAINT `FK_Team_Poll` FOREIGN KEY (`Poll_Team`) REFERENCES `team` (`Team_Id`),
  CONSTRAINT `FK_Updated_By_Poll` FOREIGN KEY (`Updated_By`) REFERENCES `user` (`User_Id`),
  CONSTRAINT `FK_User_Id2` FOREIGN KEY (`User_Id`) REFERENCES `user` (`User_Id`)
) ENGINE=InnoDB DEFAULT CHARSET=utf8mb4 COLLATE=utf8mb4_general_ci;
/*!40101 SET character_set_client = @saved_cs_client */;

--
-- Dumping data for table `poll`
--

LOCK TABLES `poll` WRITE;
/*!40000 ALTER TABLE `poll` DISABLE KEYS */;
INSERT INTO `poll` VALUES (1,1,1,12,10,'2024-03-29 18:42:44'),(1,2,9,-20,10,'2024-03-29 18:55:07'),(1,3,9,-20,10,'2024-03-29 18:55:07'),(1,4,1,12,10,'2024-03-29 18:43:06'),(1,5,1,12,10,'2024-03-29 18:43:11'),(1,6,1,12,10,'2024-03-29 18:43:16'),(1,7,1,12,10,'2024-03-29 18:43:21'),(1,8,9,-20,10,'2024-03-29 18:55:07'),(1,9,1,12,10,'2024-03-29 18:43:35'),(1,10,1,12,10,'2024-03-29 18:43:40'),(1,11,NULL,-20,10,'2024-03-29 18:55:07'),(1,12,9,-20,10,'2024-03-29 18:55:07'),(1,13,1,12,10,'2024-03-29 18:43:56'),(1,14,1,12,10,'2024-03-29 18:44:02'),(1,15,1,12,10,'2024-03-29 18:44:10'),(1,16,9,-20,10,'2024-03-29 18:55:07'),(2,1,NULL,-20,10,'2024-03-29 19:05:12'),(2,2,7,26,10,'2024-03-29 19:00:06'),(2,3,7,26,10,'2024-03-29 19:00:19'),(2,4,NULL,-20,10,'2024-03-29 19:05:12'),(2,5,7,26,10,'2024-03-29 19:00:33'),(2,6,7,26,10,'2024-03-29 19:00:36'),(2,7,NULL,-20,10,'2024-03-29 19:05:12'),(2,8,7,26,10,'2024-03-29 19:00:48'),(2,9,NULL,-20,10,'2024-03-29 19:05:12'),(2,10,2,-20,10,'2024-03-29 19:01:40'),(2,11,NULL,-20,10,'2024-03-29 19:05:12'),(2,12,7,26,10,'2024-03-29 19:01:01'),(2,13,NULL,-20,10,'2024-03-29 19:05:12'),(2,14,7,26,10,'2024-03-29 19:01:14'),(2,15,NULL,-20,10,'2024-03-29 19:05:12'),(2,16,NULL,-20,10,'2024-03-29 19:05:12'),(3,1,4,16,10,'2024-03-29 19:59:56'),(3,2,4,16,10,'2024-03-29 20:00:07'),(3,3,NULL,-20,10,'2024-03-29 20:03:18'),(3,4,NULL,-20,10,'2024-03-29 20:03:18'),(3,5,NULL,-20,10,'2024-03-29 20:03:19'),(3,6,4,16,10,'2024-03-29 20:00:22'),(3,7,NULL,-20,10,'2024-03-29 20:03:19'),(3,8,4,16,10,'2024-03-29 20:00:35'),(3,9,4,16,10,'2024-03-29 20:00:40'),(3,10,4,16,10,'2024-03-29 20:00:45'),(3,11,NULL,-20,10,'2024-03-29 20:03:19'),(3,12,4,16,10,'2024-03-29 20:00:59'),(3,13,4,16,10,'2024-03-29 20:01:04'),(3,14,NULL,-20,10,'2024-03-29 20:03:19'),(3,15,NULL,-20,10,'2024-03-29 20:03:19'),(3,16,4,16,10,'2024-03-29 20:01:18'),(4,1,8,20,10,'2024-03-29 20:12:30'),(4,2,NULL,-20,10,'2024-03-29 20:15:11'),(4,3,NULL,-20,10,'2024-03-29 20:15:11'),(4,4,NULL,-20,10,'2024-03-29 20:15:11'),(4,5,8,20,10,'2024-03-29 20:12:40'),(4,6,8,20,10,'2024-03-29 20:12:47'),(4,7,8,20,10,'2024-03-29 20:12:53'),(4,8,8,20,10,'2024-03-29 20:12:58'),(4,9,NULL,-20,10,'2024-03-29 20:15:11'),(4,10,8,20,10,'2024-03-29 20:13:13'),(4,11,NULL,-20,10,'2024-03-29 20:15:11'),(4,12,8,20,10,'2024-03-29 20:13:33'),(4,13,NULL,-20,10,'2024-03-29 20:15:11'),(4,14,8,20,10,'2024-03-29 20:13:53'),(4,15,NULL,-20,10,'2024-03-29 20:15:11'),(4,16,NULL,-20,10,'2024-03-29 20:15:11'),(5,1,NULL,-20,10,'2024-03-29 20:18:43'),(5,2,NULL,-20,10,'2024-03-29 20:18:43'),(5,3,NULL,-20,10,'2024-03-29 20:18:43'),(5,4,3,60,10,'2024-03-29 20:16:55'),(5,5,3,60,10,'2024-03-29 20:17:03'),(5,6,NULL,-20,10,'2024-03-29 20:18:43'),(5,7,NULL,-20,10,'2024-03-29 20:18:43'),(5,8,NULL,-20,10,'2024-03-29 20:18:43'),(5,9,NULL,-20,10,'2024-03-29 20:18:43'),(5,10,NULL,-20,10,'2024-03-29 20:18:43'),(5,11,NULL,-20,10,'2024-03-29 20:18:43'),(5,12,3,60,10,'2024-03-29 20:17:25'),(5,13,NULL,-20,10,'2024-03-29 20:18:43'),(5,14,NULL,-20,10,'2024-03-29 20:18:43'),(5,15,3,60,10,'2024-03-29 20:17:32'),(5,16,NULL,-20,10,'2024-03-29 20:18:43'),(6,1,9,16,10,'2024-03-29 20:22:33'),(6,2,NULL,-20,10,'2024-03-29 20:24:55'),(6,3,9,16,10,'2024-03-29 20:22:45'),(6,4,NULL,-20,10,'2024-03-29 20:24:55'),(6,5,NULL,-20,10,'2024-03-29 20:24:55'),(6,6,9,16,10,'2024-03-29 20:22:53'),(6,7,9,16,10,'2024-03-29 20:22:58'),(6,8,NULL,-20,10,'2024-03-29 20:24:55'),(6,9,9,16,10,'2024-03-29 20:23:15'),(6,10,NULL,-20,10,'2024-03-29 20:24:55'),(6,11,9,16,10,'2024-03-29 20:23:21'),(6,12,9,16,10,'2024-03-29 20:23:28'),(6,13,NULL,-20,10,'2024-03-29 20:24:55'),(6,14,9,16,10,'2024-03-29 20:23:50'),(6,15,9,16,10,'2024-03-29 20:23:56'),(6,16,NULL,-20,10,'2024-03-29 20:24:55'),(7,1,NULL,-20,10,'2024-03-30 10:43:13'),(7,2,NULL,-20,10,'2024-03-30 10:43:13'),(7,3,1,16,10,'2024-03-30 10:40:54'),(7,4,1,16,10,'2024-03-30 10:40:59'),(7,5,1,16,10,'2024-03-30 10:41:05'),(7,6,1,16,10,'2024-03-30 10:41:09'),(7,7,1,16,10,'2024-03-30 10:41:14'),(7,8,NULL,-20,10,'2024-03-30 10:43:13'),(7,9,1,16,10,'2024-03-30 10:41:28'),(7,10,1,16,10,'2024-03-30 10:41:33'),(7,11,1,16,10,'2024-03-30 10:41:38'),(7,12,NULL,-20,10,'2024-03-30 10:43:13'),(7,13,NULL,-20,10,'2024-03-30 10:43:13'),(7,14,1,16,10,'2024-03-30 10:41:55'),(7,15,NULL,-20,10,'2024-03-30 10:43:13'),(7,16,NULL,-20,10,'2024-03-30 10:43:13'),(8,1,NULL,-20,10,'2024-03-30 10:52:20'),(8,2,NULL,-20,10,'2024-03-30 10:52:20'),(8,3,10,26,10,'2024-03-30 10:49:09'),(8,4,10,26,10,'2024-03-30 10:49:13'),(8,5,10,26,10,'2024-03-30 10:49:18'),(8,6,10,26,10,'2024-03-30 10:49:23'),(8,7,10,26,10,'2024-03-30 10:49:27'),(8,8,NULL,-20,10,'2024-03-30 10:52:20'),(8,9,10,26,10,'2024-03-30 10:50:10'),(8,10,NULL,-20,10,'2024-03-30 10:52:20'),(8,11,NULL,-20,10,'2024-03-30 10:52:20'),(8,12,10,26,10,'2024-03-30 10:50:23'),(8,13,NULL,-20,10,'2024-03-30 10:52:20'),(8,14,NULL,-20,10,'2024-03-30 10:52:20'),(8,15,NULL,-20,10,'2024-03-30 10:52:20'),(8,16,NULL,-20,10,'2024-03-30 10:52:20'),(9,1,8,9,10,'2024-03-30 10:53:46'),(9,2,NULL,-20,10,'2024-03-30 10:56:10'),(9,3,8,9,10,'2024-03-30 10:53:52'),(9,4,NULL,-20,10,'2024-03-30 10:56:10'),(9,5,8,9,10,'2024-03-30 10:53:57'),(9,6,8,9,10,'2024-03-30 10:54:02'),(9,7,8,9,10,'2024-03-30 10:54:08'),(9,8,8,9,10,'2024-03-30 10:54:28'),(9,9,8,9,10,'2024-03-30 10:54:32'),(9,10,NULL,-20,10,'2024-03-30 10:56:10'),(9,11,8,9,10,'2024-03-30 10:54:49'),(9,12,NULL,-20,10,'2024-03-30 10:56:10'),(9,13,8,9,10,'2024-03-30 10:54:55'),(9,14,8,9,10,'2024-03-30 10:54:58'),(9,15,8,9,10,'2024-03-30 10:55:02'),(9,16,NULL,-20,10,'2024-03-30 10:56:10'),(10,1,4,26,10,'2024-03-31 06:26:43'),(10,2,9,-20,10,'2024-03-31 06:27:51'),(10,3,9,-20,10,'2024-03-31 06:28:05'),(10,4,4,26,10,'2024-03-31 06:25:18'),(10,5,9,-20,10,'2024-03-31 06:27:18'),(10,6,4,26,10,'2024-03-31 06:26:27'),(10,7,4,26,10,'2024-03-31 06:25:44'),(10,8,NULL,-20,10,'2024-03-31 06:32:09'),(10,9,4,26,10,'2024-03-31 06:25:26'),(10,10,9,-20,10,'2024-03-31 06:27:36'),(10,11,9,-20,10,'2024-03-31 06:28:15'),(10,12,9,-20,10,'2024-03-31 06:27:26'),(10,13,9,-20,10,'2024-03-31 06:28:20'),(10,14,4,26,10,'2024-03-31 06:26:08'),(10,15,4,26,10,'2024-03-31 06:26:01'),(10,16,NULL,-20,10,'2024-03-31 06:32:09'),(11,1,5,20,10,'2024-03-31 06:38:23'),(11,2,7,-20,10,'2024-03-31 06:41:29'),(11,3,5,20,10,'2024-03-31 06:39:48'),(11,4,5,20,10,'2024-03-31 06:39:53'),(11,5,7,-20,10,'2024-03-31 06:42:15'),(11,6,7,-20,10,'2024-03-31 06:42:23'),(11,7,7,-20,10,'2024-03-31 06:42:28'),(11,8,5,20,10,'2024-03-31 06:40:02'),(11,9,5,20,10,'2024-03-31 06:38:43'),(11,10,7,-20,10,'2024-03-31 06:41:48'),(11,11,5,20,10,'2024-03-31 06:39:18'),(11,12,7,-20,10,'2024-03-31 06:41:39'),(11,13,7,-20,10,'2024-03-31 06:42:35'),(11,14,5,20,10,'2024-03-31 06:39:05'),(11,15,5,20,10,'2024-03-31 06:38:59'),(11,16,NULL,-20,10,'2024-03-31 06:51:19'),(12,1,10,-20,10,'2024-03-31 11:32:06'),(12,2,3,33,10,'2024-03-31 11:31:01'),(12,3,10,-20,10,'2024-03-31 11:33:09'),(12,4,10,-20,10,'2024-03-31 11:33:15'),(12,5,10,-20,10,'2024-03-31 11:32:17'),(12,6,10,-20,10,'2024-03-31 11:33:21'),(12,7,10,-20,10,'2024-03-31 11:33:26'),(12,8,10,-20,10,'2024-03-31 11:33:32'),(12,9,10,-20,10,'2024-03-31 11:32:36'),(12,10,3,33,10,'2024-03-31 11:30:32'),(12,11,10,-20,10,'2024-03-31 11:32:26'),(12,12,3,33,10,'2024-03-31 11:31:11'),(12,13,3,33,10,'2024-03-31 11:31:17'),(12,14,3,33,10,'2024-03-31 11:31:29'),(12,15,3,33,10,'2024-03-31 11:31:35'),(12,16,NULL,-20,10,'2024-03-31 13:24:20'),(13,1,1,-20,10,'2024-03-31 11:38:14'),(13,2,2,87,10,'2024-03-31 11:37:13'),(13,3,1,-20,10,'2024-03-31 11:38:21'),(13,4,2,87,10,'2024-03-31 11:37:20'),(13,5,1,-20,10,'2024-03-31 11:38:40'),(13,6,1,-20,10,'2024-03-31 11:38:45'),(13,7,1,-20,10,'2024-03-31 11:38:49'),(13,8,1,-20,10,'2024-03-31 11:38:54'),(13,9,1,-20,10,'2024-03-31 11:38:58'),(13,10,1,-20,10,'2024-03-31 11:36:46'),(13,11,1,-20,10,'2024-03-31 11:39:03'),(13,12,2,87,10,'2024-03-31 11:37:37'),(13,13,1,-20,10,'2024-03-31 11:39:08'),(13,14,1,-20,10,'2024-03-31 11:39:12'),(13,15,1,-20,10,'2024-03-31 11:39:17'),(13,16,NULL,-20,10,'2024-03-31 18:52:15'),(14,1,8,33,4,'2024-04-01 13:04:31'),(14,2,8,33,4,'2024-04-01 12:39:13'),(14,3,8,33,4,'2024-04-01 12:39:21'),(14,4,8,33,4,'2024-04-01 12:39:28'),(14,5,6,-20,5,'2024-04-01 09:02:56'),(14,6,8,33,4,'2024-04-01 12:39:35'),(14,7,6,-20,7,'2024-04-01 12:32:06'),(14,8,6,-20,4,'2024-04-01 12:45:12'),(14,9,NULL,-20,4,'2024-04-01 17:28:44'),(14,10,6,-20,4,'2024-04-01 12:45:36'),(14,11,6,-20,4,'2024-04-01 12:44:41'),(14,12,8,33,4,'2024-04-01 12:39:54'),(14,13,6,-20,4,'2024-04-01 12:45:43'),(14,14,6,-20,4,'2024-04-01 12:44:52'),(14,15,6,-20,4,'2024-04-01 12:45:01'),(14,16,6,-20,4,'2024-04-01 13:10:15'),(15,1,5,60,1,'2024-04-02 03:20:37'),(15,2,5,60,2,'2024-04-02 05:30:31'),(15,3,9,-20,3,'2024-04-02 03:43:02'),(15,4,5,60,4,'2024-04-02 04:24:25'),(15,5,9,-20,5,'2024-04-02 04:35:39'),(15,6,5,60,6,'2024-04-02 05:33:03'),(15,7,9,-20,7,'2024-04-02 06:43:43'),(15,8,9,-20,8,'2024-04-02 08:17:44'),(15,9,9,-20,9,'2024-04-02 05:00:05'),(15,10,9,-20,10,'2024-04-02 05:28:26'),(15,11,NULL,-20,4,'2024-04-02 17:38:38'),(15,12,9,-20,12,'2024-04-02 03:51:28'),(15,13,9,-20,13,'2024-04-02 10:53:50'),(15,14,9,-20,14,'2024-04-01 16:34:00'),(15,15,NULL,-20,4,'2024-04-02 17:38:38'),(15,16,9,-20,16,'2024-04-02 13:23:28'),(16,1,4,16,1,'2024-04-03 04:18:30'),(16,2,4,16,2,'2024-04-03 09:20:21'),(16,3,4,16,3,'2024-04-03 06:03:14'),(16,4,2,-20,4,'2024-04-03 04:09:01'),(16,5,2,-20,5,'2024-04-03 09:22:36'),(16,6,4,16,6,'2024-04-03 04:14:19'),(16,7,4,16,7,'2024-04-03 09:49:31'),(16,8,NULL,-20,4,'2024-04-03 18:04:26'),(16,9,4,16,9,'2024-04-03 04:14:22'),(16,10,2,-20,10,'2024-04-03 06:18:33'),(16,11,NULL,-20,4,'2024-04-03 18:04:26'),(16,12,2,-20,12,'2024-04-03 11:40:55'),(16,13,4,16,13,'2024-04-03 09:20:26'),(16,14,4,16,14,'2024-04-03 04:36:36'),(16,15,4,16,15,'2024-04-03 04:19:25'),(16,16,NULL,-20,4,'2024-04-03 18:04:26'),(17,1,3,-20,1,'2024-04-04 10:46:15'),(17,2,7,33,2,'2024-04-04 13:10:41'),(17,3,3,-20,3,'2024-04-03 15:28:11'),(17,4,7,33,4,'2024-04-04 05:13:44'),(17,5,7,33,5,'2024-04-04 12:49:11'),(17,6,3,-20,6,'2024-04-04 05:15:26'),(17,7,NULL,-20,4,'2024-04-04 17:45:37'),(17,8,7,33,8,'2024-04-04 06:18:12'),(17,9,3,-20,9,'2024-04-04 05:22:34'),(17,10,7,33,10,'2024-04-04 05:24:52'),(17,11,NULL,-20,4,'2024-04-04 17:45:37'),(17,12,7,33,12,'2024-04-04 13:16:24'),(17,13,NULL,-20,4,'2024-04-04 17:45:37'),(17,14,3,-20,14,'2024-04-04 06:19:24'),(17,15,3,-20,15,'2024-04-04 09:48:23'),(17,16,NULL,-20,4,'2024-04-04 17:45:37'),(18,1,1,-20,1,'2024-04-05 09:13:51'),(18,2,1,-20,2,'2024-04-05 08:57:23'),(18,3,10,26,3,'2024-04-05 07:04:14'),(18,4,1,-20,4,'2024-04-05 08:57:11'),(18,5,1,-20,5,'2024-04-05 09:01:44'),(18,6,10,26,6,'2024-04-05 06:58:12'),(18,7,10,26,7,'2024-04-05 08:54:05'),(18,8,10,26,8,'2024-04-05 03:52:58'),(18,9,1,-20,9,'2024-04-05 08:58:01'),(18,10,10,26,10,'2024-04-04 18:07:51'),(18,11,NULL,-20,4,'2024-04-05 17:21:27'),(18,12,10,26,12,'2024-04-05 12:53:04'),(18,13,1,-20,13,'2024-04-05 08:56:00'),(18,14,NULL,-20,4,'2024-04-05 17:21:27'),(18,15,10,26,15,'2024-04-05 08:57:46'),(18,16,NULL,-20,4,'2024-04-05 17:21:27'),(19,1,8,26,1,'2024-04-06 11:02:46'),(19,2,NULL,-20,4,'2024-04-06 17:37:22'),(19,3,9,-20,3,'2024-04-06 09:38:58'),(19,4,8,26,4,'2024-04-06 10:17:12'),(19,5,9,-20,5,'2024-04-06 11:51:50'),(19,6,8,26,6,'2024-04-06 10:34:02'),(19,7,8,26,7,'2024-04-06 12:56:41'),(19,8,8,26,8,'2024-04-06 11:36:19'),(19,9,8,26,9,'2024-04-06 10:30:57'),(19,10,9,-20,10,'2024-04-06 10:58:13'),(19,11,NULL,-20,4,'2024-04-06 17:37:22'),(19,12,9,-20,12,'2024-04-06 12:09:54'),(19,13,NULL,-20,4,'2024-04-06 17:37:22'),(19,14,NULL,-20,4,'2024-04-06 17:37:22'),(19,15,8,26,15,'2024-04-06 10:25:32'),(19,16,NULL,-20,4,'2024-04-06 17:37:22'),(20,1,6,12,1,'2024-04-07 05:22:31'),(20,2,6,12,2,'2024-04-07 08:08:57'),(20,3,6,12,3,'2024-04-06 09:38:42'),(20,4,6,12,4,'2024-04-07 09:27:28'),(20,5,6,12,5,'2024-04-07 09:02:53'),(20,6,2,-20,6,'2024-04-07 09:22:18'),(20,7,6,12,7,'2024-04-07 05:16:11'),(20,8,6,12,8,'2024-04-06 11:36:08'),(20,9,NULL,-20,4,'2024-04-07 13:48:13'),(20,10,6,12,10,'2024-04-07 06:06:38'),(20,11,NULL,-20,4,'2024-04-07 13:48:13'),(20,12,NULL,-20,4,'2024-04-07 13:48:13'),(20,13,6,12,13,'2024-04-07 07:23:38'),(20,14,NULL,-20,4,'2024-04-07 13:48:13'),(20,15,6,12,15,'2024-04-07 05:18:13'),(20,16,NULL,-20,4,'2024-04-07 13:48:13'),(21,1,3,-20,1,'2024-04-07 05:26:19'),(21,2,5,60,2,'2024-04-07 08:09:12'),(21,3,5,60,3,'2024-04-07 07:12:21'),(21,4,5,60,4,'2024-04-07 09:28:43'),(21,5,3,-20,5,'2024-04-07 13:10:53'),(21,6,NULL,-20,4,'2024-04-07 17:45:32'),(21,7,NULL,-20,4,'2024-04-07 17:45:32'),(21,8,NULL,-20,4,'2024-04-07 17:45:32'),(21,9,NULL,-20,4,'2024-04-07 17:45:32'),(21,10,3,-20,10,'2024-04-07 06:07:00'),(21,11,NULL,-20,4,'2024-04-07 17:45:32'),(21,12,3,-20,12,'2024-04-07 13:23:12'),(21,13,5,60,13,'2024-04-07 13:06:37'),(21,14,NULL,-20,4,'2024-04-07 17:45:32'),(21,15,NULL,-20,4,'2024-04-07 17:45:32'),(21,16,NULL,-20,4,'2024-04-07 17:45:32'),(22,1,4,-20,1,'2024-04-07 18:05:43'),(22,2,1,44,2,'2024-04-08 06:03:01'),(22,3,1,44,3,'2024-04-07 13:39:42'),(22,4,1,44,4,'2024-04-07 17:46:57'),(22,5,1,44,5,'2024-04-08 08:42:24'),(22,6,4,-20,6,'2024-04-08 06:07:33'),(22,7,4,-20,7,'2024-04-08 01:31:01'),(22,8,4,-20,8,'2024-04-08 06:00:39'),(22,9,4,-20,9,'2024-04-08 00:19:31'),(22,10,4,-20,10,'2024-04-07 18:41:01'),(22,11,NULL,-20,5,'2024-04-08 17:43:04'),(22,12,NULL,-20,5,'2024-04-08 17:43:04'),(22,13,1,44,13,'2024-04-08 09:12:01'),(22,14,NULL,-20,5,'2024-04-08 17:43:04'),(22,15,4,-20,15,'2024-04-07 17:52:31'),(22,16,NULL,-20,5,'2024-04-08 17:43:04'),(23,1,10,20,1,'2024-04-09 10:20:03'),(23,2,7,-20,2,'2024-04-09 11:29:41'),(23,3,10,20,3,'2024-04-09 03:17:28'),(23,4,7,-20,4,'2024-04-09 02:57:58'),(23,5,10,20,5,'2024-04-09 07:13:58'),(23,6,7,-20,6,'2024-04-09 03:12:02'),(23,7,10,20,7,'2024-04-09 03:12:40'),(23,8,10,20,8,'2024-04-09 04:25:51'),(23,9,10,20,9,'2024-04-09 03:03:42'),(23,10,7,-20,10,'2024-04-09 03:20:15'),(23,11,NULL,-20,4,'2024-04-09 17:44:25'),(23,12,7,-20,12,'2024-04-09 11:49:37'),(23,13,10,20,13,'2024-04-09 09:09:10'),(23,14,NULL,-20,4,'2024-04-09 17:44:25'),(23,15,10,20,15,'2024-04-09 04:43:15'),(23,16,NULL,-20,4,'2024-04-09 17:44:25'),(24,1,8,-20,1,'2024-04-10 06:43:57'),(24,2,3,44,2,'2024-04-10 10:06:30'),(24,3,8,-20,3,'2024-04-09 18:39:56'),(24,4,8,-20,4,'2024-04-10 05:49:52'),(24,5,3,44,5,'2024-04-10 07:49:17'),(24,6,8,-20,6,'2024-04-10 05:57:13'),(24,7,8,-20,7,'2024-04-10 05:51:58'),(24,8,8,-20,8,'2024-04-10 07:15:40'),(24,9,8,-20,9,'2024-04-10 06:56:08'),(24,10,3,44,10,'2024-04-10 10:08:40'),(24,11,NULL,-20,4,'2024-04-10 18:18:38'),(24,12,3,44,12,'2024-04-10 13:12:39'),(24,13,8,-20,13,'2024-04-10 05:54:13'),(24,14,NULL,-20,4,'2024-04-10 18:18:38'),(24,15,3,44,15,'2024-04-10 06:00:54'),(24,16,NULL,-20,4,'2024-04-10 18:18:38'),(25,1,6,26,1,'2024-04-11 09:01:33'),(25,2,9,-20,2,'2024-04-11 04:54:07'),(25,3,9,-20,3,'2024-04-11 03:19:58'),(25,4,6,26,4,'2024-04-11 02:58:01'),(25,5,6,26,5,'2024-04-11 08:26:04'),(25,6,6,26,6,'2024-04-11 03:51:29'),(25,7,9,-20,7,'2024-04-11 10:19:34'),(25,8,NULL,-20,4,'2024-04-11 17:46:37'),(25,9,6,26,9,'2024-04-11 09:59:55'),(25,10,6,26,10,'2024-04-11 11:52:50'),(25,11,NULL,-20,4,'2024-04-11 17:46:37'),(25,12,NULL,-20,4,'2024-04-11 17:46:37'),(25,13,9,-20,13,'2024-04-11 07:05:16'),(25,14,NULL,-20,4,'2024-04-11 17:46:37'),(25,15,6,26,15,'2024-04-11 03:58:41'),(25,16,NULL,-20,4,'2024-04-11 17:46:37'),(26,1,5,-20,1,'2024-04-12 07:40:55'),(26,2,5,-20,2,'2024-04-12 12:47:03'),(26,3,5,-20,3,'2024-04-12 06:40:05'),(26,4,5,-20,4,'2024-04-12 05:01:57'),(26,5,2,60,5,'2024-04-12 13:09:44'),(26,6,5,-20,6,'2024-04-12 05:06:43'),(26,7,5,-20,7,'2024-04-12 08:06:57'),(26,8,2,60,8,'2024-04-12 08:03:10'),(26,9,5,-20,9,'2024-04-12 06:16:49'),(26,10,2,60,10,'2024-04-11 20:25:31'),(26,11,NULL,-20,4,'2024-04-12 17:42:14'),(26,12,2,60,12,'2024-04-12 05:18:54'),(26,13,NULL,-20,4,'2024-04-12 17:42:14'),(26,14,NULL,-20,4,'2024-04-12 17:42:15'),(26,15,5,-20,15,'2024-04-12 05:06:06'),(26,16,NULL,-20,4,'2024-04-12 17:42:15'),(27,1,8,26,1,'2024-04-13 11:11:53'),(27,2,8,26,2,'2024-04-13 05:56:51'),(27,3,NULL,-20,4,'2024-04-13 17:45:00'),(27,4,8,26,4,'2024-04-13 12:13:38'),(27,5,7,-20,5,'2024-04-13 11:42:56'),(27,6,7,-20,6,'2024-04-13 05:36:43'),(27,7,7,-20,7,'2024-04-13 08:10:16'),(27,8,8,26,8,'2024-04-12 18:50:28'),(27,9,8,26,9,'2024-04-13 06:07:19'),(27,10,7,-20,10,'2024-04-13 02:43:29'),(27,11,NULL,-20,4,'2024-04-13 17:45:00'),(27,12,7,-20,12,'2024-04-13 09:10:55'),(27,13,8,26,13,'2024-04-13 07:25:06'),(27,14,NULL,-20,4,'2024-04-13 17:45:00'),(27,15,8,26,15,'2024-04-13 05:01:41'),(27,16,NULL,-20,4,'2024-04-13 17:45:00'),(28,1,4,33,1,'2024-04-14 08:00:05'),(28,2,5,-20,2,'2024-04-14 07:10:28'),(28,3,5,-20,3,'2024-04-13 13:33:55'),(28,4,4,33,4,'2024-04-14 07:03:27'),(28,5,4,33,5,'2024-04-14 08:28:07'),(28,6,4,33,6,'2024-04-14 07:18:08'),(28,7,NULL,-20,5,'2024-04-14 13:42:59'),(28,8,4,33,8,'2024-04-14 06:13:22'),(28,9,NULL,-20,5,'2024-04-14 13:42:59'),(28,10,5,-20,10,'2024-04-14 07:06:22'),(28,11,NULL,-20,5,'2024-04-14 13:42:59'),(28,12,NULL,-20,5,'2024-04-14 13:42:59'),(28,13,5,-20,13,'2024-04-14 08:06:21'),(28,14,NULL,-20,5,'2024-04-14 13:42:59'),(28,15,4,33,15,'2024-04-14 07:05:49'),(28,16,NULL,-20,5,'2024-04-14 13:42:59'),(29,1,6,-20,1,'2024-04-14 07:59:30'),(29,2,6,-20,2,'2024-04-14 07:10:36'),(29,3,1,33,3,'2024-04-13 13:33:15'),(29,4,1,33,4,'2024-04-14 07:02:15'),(29,5,1,33,5,'2024-04-14 08:28:20'),(29,6,1,33,6,'2024-04-14 07:17:07'),(29,7,NULL,-20,4,'2024-04-14 17:51:17'),(29,8,6,-20,8,'2024-04-14 06:13:33'),(29,9,1,33,9,'2024-04-14 10:09:46'),(29,10,6,-20,10,'2024-04-14 07:07:12'),(29,11,NULL,-20,4,'2024-04-14 17:51:17'),(29,12,6,-20,12,'2024-04-14 12:07:19'),(29,13,1,33,13,'2024-04-14 08:06:15'),(29,14,NULL,-20,4,'2024-04-14 17:51:17'),(29,15,6,-20,15,'2024-04-14 07:05:26'),(29,16,NULL,-20,4,'2024-04-14 17:51:17'),(30,1,10,16,1,'2024-04-15 06:54:57'),(30,2,10,16,2,'2024-04-15 12:09:47'),(30,3,10,16,3,'2024-04-15 01:52:01'),(30,4,10,16,4,'2024-04-14 18:51:20'),(30,5,9,-20,5,'2024-04-15 09:57:01'),(30,6,10,16,6,'2024-04-15 03:39:07'),(30,7,9,-20,7,'2024-04-15 12:29:08'),(30,8,10,16,8,'2024-04-14 17:57:32'),(30,9,10,16,9,'2024-04-15 06:30:27'),(30,10,9,-20,10,'2024-04-14 19:00:32'),(30,11,NULL,-20,4,'2024-04-15 17:41:39'),(30,12,9,-20,12,'2024-04-15 13:03:39'),(30,13,10,16,13,'2024-04-15 12:09:42'),(30,14,NULL,-20,4,'2024-04-15 17:41:39'),(30,15,10,16,15,'2024-04-15 02:42:23'),(30,16,NULL,-20,4,'2024-04-15 17:41:39'),(31,1,3,-20,1,'2024-04-16 07:08:43'),(31,2,2,44,2,'2024-04-16 08:20:07'),(31,3,3,-20,3,'2024-04-16 00:17:24'),(31,4,2,44,4,'2024-04-17 08:37:28'),(31,5,2,44,5,'2024-04-17 12:55:14'),(31,6,3,-20,6,'2024-04-16 05:58:00'),(31,7,NULL,-20,4,'2024-04-17 16:44:00'),(31,8,2,44,8,'2024-04-16 04:53:28'),(31,9,NULL,-20,4,'2024-04-17 16:44:00'),(31,10,2,44,10,'2024-04-17 08:36:07'),(31,11,NULL,-20,4,'2024-04-17 16:44:00'),(31,12,NULL,-20,4,'2024-04-17 16:44:00'),(31,13,3,-20,13,'2024-04-16 05:44:32'),(31,14,NULL,-20,4,'2024-04-17 16:44:00'),(31,15,3,-20,15,'2024-04-17 12:50:57'),(31,16,NULL,-20,4,'2024-04-17 16:44:00'),(32,1,8,44,1,'2024-04-16 13:19:17'),(32,2,8,44,2,'2024-04-16 08:20:37'),(32,3,8,44,3,'2024-04-16 08:40:42'),(32,4,4,-20,4,'2024-04-16 08:00:24'),(32,5,4,-20,5,'2024-04-16 09:12:08'),(32,6,4,-20,6,'2024-04-16 11:17:18'),(32,7,8,44,7,'2024-04-16 08:54:18'),(32,8,8,44,8,'2024-04-16 11:26:32'),(32,9,4,-20,9,'2024-04-16 07:58:29'),(32,10,4,-20,10,'2024-04-16 07:57:41'),(32,11,NULL,-20,4,'2024-04-16 18:08:47'),(32,12,4,-20,12,'2024-04-16 08:26:14'),(32,13,4,-20,13,'2024-04-16 08:49:08'),(32,14,NULL,-20,4,'2024-04-16 18:08:47'),(32,15,4,-20,15,'2024-04-16 08:01:00'),(32,16,4,-20,16,'2024-04-16 09:11:21'),(33,1,7,-20,1,'2024-04-18 11:00:05'),(33,2,6,20,2,'2024-04-18 09:51:40'),(33,3,6,20,3,'2024-04-18 02:46:05'),(33,4,7,-20,4,'2024-04-18 09:47:53'),(33,5,6,20,5,'2024-04-18 13:02:46'),(33,6,7,-20,6,'2024-04-18 09:50:31'),(33,7,6,20,7,'2024-04-18 09:49:46'),(33,8,6,20,8,'2024-04-17 16:26:22'),(33,9,6,20,9,'2024-04-18 09:47:53'),(33,10,7,-20,10,'2024-04-17 14:41:50'),(33,11,NULL,-20,4,'2024-04-18 18:08:49'),(33,12,7,-20,12,'2024-04-18 12:29:19'),(33,13,6,20,13,'2024-04-17 14:01:27'),(33,14,NULL,-20,4,'2024-04-18 18:08:49'),(33,15,6,20,15,'2024-04-18 09:47:36'),(33,16,NULL,-20,4,'2024-04-18 18:08:49'),(34,1,1,-20,1,'2024-04-19 10:28:31'),(34,2,5,60,2,'2024-04-19 11:00:58'),(34,3,1,-20,3,'2024-04-19 03:11:14'),(34,4,1,-20,4,'2024-04-19 05:48:26'),(34,5,1,-20,5,'2024-04-19 08:54:01'),(34,6,1,-20,6,'2024-04-19 06:40:46'),(34,7,5,60,7,'2024-04-19 05:47:34'),(34,8,5,60,8,'2024-04-18 20:01:28'),(34,9,1,-20,9,'2024-04-19 07:55:24'),(34,10,5,60,10,'2024-04-18 19:19:59'),(34,11,NULL,-20,4,'2024-04-19 17:47:40'),(34,12,NULL,-20,4,'2024-04-19 17:47:40'),(34,13,1,-20,13,'2024-04-18 17:46:01'),(34,14,NULL,-20,4,'2024-04-19 17:47:40'),(34,15,1,-20,15,'2024-04-18 18:31:34'),(34,16,NULL,-20,4,'2024-04-19 17:47:40'),(35,1,10,26,1,'2024-04-20 04:22:41'),(35,2,2,-20,2,'2024-04-20 03:09:50'),(35,3,10,26,3,'2024-04-20 02:36:34'),(35,4,2,-20,4,'2024-04-20 04:16:35'),(35,5,10,26,5,'2024-04-20 11:58:31'),(35,6,2,-20,6,'2024-04-20 04:40:27'),(35,7,2,-20,7,'2024-04-20 04:47:38'),(35,8,10,26,8,'2024-04-19 18:13:46'),(35,9,10,26,9,'2024-04-20 04:19:20'),(35,10,10,26,10,'2024-04-20 04:33:55'),(35,11,NULL,-20,4,'2024-04-20 17:40:44'),(35,12,NULL,-20,4,'2024-04-20 17:40:44'),(35,13,2,-20,13,'2024-04-20 10:53:58'),(35,14,NULL,-20,4,'2024-04-20 17:40:44'),(35,15,10,26,15,'2024-04-20 10:39:32'),(35,16,NULL,-20,4,'2024-04-20 17:40:44'),(36,1,4,16,1,'2024-04-21 05:02:25'),(36,2,4,16,2,'2024-04-21 05:08:00'),(36,3,9,-20,3,'2024-04-20 15:46:22'),(36,4,4,16,4,'2024-04-21 03:48:56'),(36,5,9,-20,5,'2024-04-21 08:36:28'),(36,6,4,16,6,'2024-04-21 03:53:07'),(36,7,4,16,7,'2024-04-21 05:20:58'),(36,8,4,16,8,'2024-04-21 05:00:32'),(36,9,4,16,9,'2024-04-21 06:20:33'),(36,10,9,-20,10,'2024-04-20 11:58:00'),(36,11,NULL,-20,4,'2024-04-21 14:16:15'),(36,12,9,-20,12,'2024-04-21 05:16:36'),(36,13,4,16,13,'2024-04-20 10:53:44'),(36,14,NULL,-20,4,'2024-04-21 14:16:15'),(36,15,4,16,15,'2024-04-21 06:24:45'),(36,16,NULL,-20,4,'2024-04-21 14:16:15'),(37,1,3,44,1,'2024-04-21 05:03:29'),(37,2,7,-20,2,'2024-04-21 05:08:38'),(37,3,3,44,3,'2024-04-20 15:46:13'),(37,4,7,-20,4,'2024-04-21 03:50:32'),(37,5,7,-20,5,'2024-04-21 12:58:56'),(37,6,7,-20,6,'2024-04-21 03:53:18'),(37,7,3,44,7,'2024-04-21 05:21:07'),(37,8,7,-20,8,'2024-04-21 05:00:53'),(37,9,7,-20,9,'2024-04-21 06:20:47'),(37,10,3,44,10,'2024-04-20 18:45:09'),(37,11,NULL,-20,4,'2024-04-21 17:34:00'),(37,12,NULL,-20,4,'2024-04-21 17:34:00'),(37,13,7,-20,13,'2024-04-21 07:11:25'),(37,14,NULL,-20,4,'2024-04-21 17:34:00'),(37,15,3,44,15,'2024-04-21 06:25:24'),(37,16,NULL,-20,4,'2024-04-21 17:34:00'),(38,1,8,33,1,'2024-04-22 09:14:33'),(38,2,8,33,2,'2024-04-22 09:14:30'),(38,3,8,33,3,'2024-04-21 17:48:41'),(38,4,6,-20,4,'2024-04-22 09:13:15'),(38,5,6,-20,5,'2024-04-22 10:04:50'),(38,6,8,33,6,'2024-04-22 11:25:58'),(38,7,6,-20,7,'2024-04-22 10:10:02'),(38,8,6,-20,8,'2024-04-21 15:13:49'),(38,9,8,33,9,'2024-04-22 11:20:20'),(38,10,6,-20,10,'2024-04-22 11:44:44'),(38,11,NULL,-20,4,'2024-04-22 18:14:38'),(38,12,NULL,-20,4,'2024-04-22 18:14:38'),(38,13,6,-20,13,'2024-04-22 10:14:09'),(38,14,NULL,-20,4,'2024-04-22 18:14:38'),(38,15,8,33,15,'2024-04-21 19:50:21'),(38,16,NULL,-20,4,'2024-04-22 18:14:38'),(39,1,1,-20,1,'2024-04-23 11:45:32'),(39,2,5,60,2,'2024-04-23 08:55:44'),(39,3,1,-20,3,'2024-04-22 15:03:31'),(39,4,5,60,4,'2024-04-23 06:26:38'),(39,5,1,-20,5,'2024-04-23 08:49:27'),(39,6,1,-20,6,'2024-04-23 08:04:21'),(39,7,5,60,7,'2024-04-23 01:44:54'),(39,8,1,-20,8,'2024-04-23 06:46:40'),(39,9,1,-20,9,'2024-04-23 06:37:28'),(39,10,5,60,10,'2024-04-23 06:33:45'),(39,11,NULL,-20,4,'2024-04-23 17:59:12'),(39,12,NULL,-20,4,'2024-04-23 17:59:12'),(39,13,NULL,-20,4,'2024-04-23 17:59:12'),(39,14,NULL,-20,4,'2024-04-23 17:59:12'),(39,15,1,-20,15,'2024-04-23 06:38:23'),(39,16,NULL,-20,4,'2024-04-23 17:59:12'),(40,1,3,-20,1,'2024-04-24 09:34:26'),(40,2,3,-20,2,'2024-04-24 05:03:29'),(40,3,3,-20,3,'2024-04-23 14:02:07'),(40,4,3,-20,4,'2024-04-24 09:54:13'),(40,5,3,-20,5,'2024-04-24 13:09:21'),(40,6,2,44,6,'2024-04-24 05:00:57'),(40,7,2,44,7,'2024-04-24 09:36:07'),(40,8,2,44,8,'2024-04-24 06:02:01'),(40,9,2,44,9,'2024-04-24 05:25:24'),(40,10,2,44,10,'2024-04-24 11:52:07'),(40,11,NULL,-20,4,'2024-04-24 17:42:57'),(40,12,NULL,-20,4,'2024-04-24 17:42:57'),(40,13,3,-20,13,'2024-04-24 11:48:45'),(40,14,NULL,-20,4,'2024-04-24 17:42:57'),(40,15,3,-20,15,'2024-04-24 05:15:13'),(40,16,NULL,-20,4,'2024-04-24 17:42:57'),(41,1,10,-20,1,'2024-04-25 12:40:23'),(41,2,9,44,2,'2024-04-25 09:18:16'),(41,3,10,-20,3,'2024-04-25 03:14:31'),(41,4,10,-20,4,'2024-04-25 03:07:07'),(41,5,9,44,5,'2024-04-25 03:24:13'),(41,6,10,-20,6,'2024-04-25 03:43:46'),(41,7,9,44,7,'2024-04-25 04:59:34'),(41,8,10,-20,8,'2024-04-25 05:06:32'),(41,9,10,-20,9,'2024-04-25 03:54:15'),(41,10,9,44,10,'2024-04-24 20:36:45'),(41,11,NULL,-20,5,'2024-04-25 17:45:09'),(41,12,9,44,12,'2024-04-25 12:41:26'),(41,13,10,-20,13,'2024-04-25 12:38:11'),(41,14,NULL,-20,5,'2024-04-25 17:45:09'),(41,15,10,-20,15,'2024-04-25 03:09:58'),(41,16,NULL,-20,5,'2024-04-25 17:45:09'),(42,1,4,-20,1,'2024-04-26 10:16:56'),(42,2,4,-20,2,'2024-04-26 13:21:13'),(42,3,NULL,-20,4,'2024-04-26 17:50:32'),(42,4,7,60,4,'2024-04-26 13:09:34'),(42,5,4,-20,5,'2024-04-26 12:35:22'),(42,6,4,-20,6,'2024-04-26 09:07:25'),(42,7,4,-20,7,'2024-04-26 04:38:02'),(42,8,7,60,8,'2024-04-26 06:39:44'),(42,9,4,-20,9,'2024-04-26 07:19:26'),(42,10,7,60,10,'2024-04-26 07:44:13'),(42,11,NULL,-20,4,'2024-04-26 17:50:32'),(42,12,NULL,-20,4,'2024-04-26 17:50:32'),(42,13,7,60,13,'2024-04-26 07:02:42'),(42,14,NULL,-20,4,'2024-04-26 17:50:32'),(42,15,4,-20,15,'2024-04-26 07:00:59'),(42,16,NULL,-20,4,'2024-04-26 17:50:32'),(43,1,6,-20,1,'2024-04-26 10:17:53'),(43,2,2,26,2,'2024-04-27 07:48:13'),(43,3,6,-20,3,'2024-04-26 13:41:44'),(43,4,2,26,4,'2024-04-26 13:10:19'),(43,5,2,26,5,'2024-04-27 04:41:33'),(43,6,2,26,6,'2024-04-27 05:24:42'),(43,7,2,26,7,'2024-04-27 07:56:41'),(43,8,6,-20,8,'2024-04-26 18:22:24'),(43,9,2,26,9,'2024-04-27 01:46:43'),(43,10,2,26,10,'2024-04-26 19:25:37'),(43,11,NULL,-20,4,'2024-04-27 14:09:24'),(43,12,NULL,-20,4,'2024-04-27 14:09:24'),(43,13,6,-20,13,'2024-04-26 19:48:12'),(43,14,NULL,-20,4,'2024-04-27 14:09:24'),(43,15,6,-20,15,'2024-04-26 18:20:22'),(43,16,NULL,-20,4,'2024-04-27 14:09:24'),(44,1,8,20,1,'2024-04-27 08:57:04'),(44,2,5,-20,2,'2024-04-27 07:50:42'),(44,3,8,20,3,'2024-04-26 13:41:50'),(44,4,5,-20,4,'2024-04-27 11:26:04'),(44,5,8,20,5,'2024-04-27 04:42:02'),(44,6,8,20,6,'2024-04-27 05:25:09'),(44,7,5,-20,7,'2024-04-27 07:56:50'),(44,8,8,20,8,'2024-04-26 18:23:01'),(44,9,8,20,9,'2024-04-27 01:47:09'),(44,10,5,-20,10,'2024-04-26 19:26:02'),(44,11,NULL,-20,4,'2024-04-27 17:38:52'),(44,12,NULL,-20,4,'2024-04-27 17:38:52'),(44,13,8,20,13,'2024-04-26 19:48:02'),(44,14,NULL,-20,4,'2024-04-27 17:38:52'),(44,15,8,20,15,'2024-04-26 18:20:40'),(44,16,NULL,-20,4,'2024-04-27 17:38:52'),(45,1,3,-20,1,'2024-04-27 14:31:24'),(45,2,3,-20,2,'2024-04-28 08:01:25'),(45,3,9,33,3,'2024-04-27 18:27:44'),(45,4,3,-20,4,'2024-04-28 05:51:27'),(45,5,9,33,5,'2024-04-28 05:19:43'),(45,6,3,-20,6,'2024-04-28 03:05:12'),(45,7,3,-20,7,'2024-04-28 08:17:45'),(45,8,3,-20,8,'2024-04-28 05:03:41'),(45,9,9,33,9,'2024-04-28 05:01:00'),(45,10,9,33,10,'2024-04-27 19:55:33'),(45,11,NULL,-20,4,'2024-04-28 13:20:02'),(45,12,NULL,-20,4,'2024-04-28 13:20:02'),(45,13,9,33,13,'2024-04-28 05:14:57'),(45,14,NULL,-20,4,'2024-04-28 13:20:02'),(45,15,9,33,15,'2024-04-28 07:56:02'),(45,16,NULL,-20,4,'2024-04-28 13:20:02'),(46,1,1,33,1,'2024-04-27 14:31:37'),(46,2,1,33,2,'2024-04-28 08:01:52'),(46,3,10,-20,3,'2024-04-27 18:27:51'),(46,4,10,-20,4,'2024-04-28 05:52:01'),(46,5,1,33,5,'2024-04-28 05:20:05'),(46,6,10,-20,6,'2024-04-28 03:05:32'),(46,7,10,-20,7,'2024-04-28 08:18:13'),(46,8,10,-20,8,'2024-04-28 05:04:13'),(46,9,1,33,9,'2024-04-28 05:01:20'),(46,10,1,33,10,'2024-04-27 19:55:38'),(46,11,NULL,-20,5,'2024-04-28 18:02:13'),(46,12,NULL,-20,5,'2024-04-28 18:02:13'),(46,13,1,33,13,'2024-04-28 05:14:48'),(46,14,NULL,-20,5,'2024-04-28 18:02:13'),(46,15,10,-20,15,'2024-04-28 07:56:28'),(46,16,NULL,-20,5,'2024-04-28 18:02:13'),(47,1,4,33,1,'2024-04-29 05:21:30'),(47,2,2,-20,2,'2024-04-29 11:56:40'),(47,3,4,33,3,'2024-04-29 02:59:55'),(47,4,2,-20,4,'2024-04-29 12:16:39'),(47,5,2,-20,5,'2024-04-29 11:41:44'),(47,6,2,-20,6,'2024-04-29 05:06:55'),(47,7,4,33,7,'2024-04-29 11:55:17'),(47,8,4,33,8,'2024-04-29 05:02:43'),(47,9,4,33,9,'2024-04-29 05:44:04'),(47,10,2,-20,10,'2024-04-28 14:27:10'),(47,11,NULL,-20,4,'2024-04-29 17:43:23'),(47,12,NULL,-20,4,'2024-04-29 17:43:23'),(47,13,2,-20,13,'2024-04-29 03:48:14'),(47,14,NULL,-20,4,'2024-04-29 17:43:23'),(47,15,4,33,15,'2024-04-29 09:41:47'),(47,16,NULL,-20,4,'2024-04-29 17:43:23'),(48,1,5,33,1,'2024-04-30 06:32:49'),(48,2,6,-20,2,'2024-04-30 10:46:59'),(48,3,5,33,3,'2024-04-29 15:52:47'),(48,4,5,33,4,'2024-04-30 06:01:02'),(48,5,5,33,5,'2024-04-30 12:17:11'),(48,6,6,-20,6,'2024-04-30 06:27:08'),(48,7,5,33,7,'2024-04-30 08:33:47'),(48,8,6,-20,8,'2024-04-30 06:26:48'),(48,9,NULL,-20,4,'2024-04-30 17:53:22'),(48,10,5,33,10,'2024-04-30 12:51:04'),(48,11,NULL,-20,4,'2024-04-30 17:53:22'),(48,12,NULL,-20,4,'2024-04-30 17:53:22'),(48,13,6,-20,13,'2024-04-30 06:21:45'),(48,14,NULL,-20,4,'2024-04-30 17:53:22'),(48,15,6,-20,15,'2024-04-30 06:27:12'),(48,16,NULL,-20,4,'2024-04-30 17:53:22'),(49,1,1,-20,1,'2024-05-01 08:21:04'),(49,2,1,-20,2,'2024-05-01 07:58:18'),(49,3,1,-20,3,'2024-05-01 07:04:37'),(49,4,1,-20,4,'2024-04-30 17:55:02'),(49,5,1,-20,5,'2024-05-01 09:26:59'),(49,6,7,87,6,'2024-05-01 06:21:48'),(49,7,1,-20,7,'2024-05-01 00:17:27'),(49,8,7,87,8,'2024-04-30 21:34:23'),(49,9,1,-20,9,'2024-05-01 08:14:15'),(49,10,7,87,10,'2024-05-01 13:15:57'),(49,11,NULL,-20,4,'2024-05-01 17:57:23'),(49,12,NULL,-20,4,'2024-05-01 17:57:23'),(49,13,1,-20,13,'2024-05-01 06:20:27'),(49,14,NULL,-20,4,'2024-05-01 17:57:23'),(49,15,1,-20,15,'2024-05-01 06:16:06'),(49,16,NULL,-20,4,'2024-05-01 17:57:23'),(50,1,8,-20,1,'2024-05-02 11:30:10'),(50,2,8,-20,2,'2024-05-02 12:59:07'),(50,3,10,33,3,'2024-05-01 15:55:44'),(50,4,10,33,4,'2024-05-02 12:58:40'),(50,5,8,-20,5,'2024-05-02 12:59:41'),(50,6,8,-20,6,'2024-05-02 11:05:50'),(50,7,10,33,7,'2024-05-02 07:05:08'),(50,8,10,33,8,'2024-05-01 19:28:02'),(50,9,8,-20,9,'2024-05-02 11:27:34'),(50,10,8,-20,10,'2024-05-02 13:21:24'),(50,11,NULL,-20,4,'2024-05-02 17:54:16'),(50,12,NULL,-20,4,'2024-05-02 17:54:16'),(50,13,10,33,13,'2024-05-02 11:37:31'),(50,14,NULL,-20,4,'2024-05-02 17:54:16'),(50,15,10,33,15,'2024-05-02 12:03:55'),(50,16,NULL,-20,4,'2024-05-02 17:54:16'),(51,1,6,-20,1,'2024-05-03 09:48:04'),(51,2,NULL,-20,4,'2024-05-03 18:45:48'),(51,3,4,44,3,'2024-05-03 03:22:04'),(51,4,6,-20,4,'2024-05-03 13:20:04'),(51,5,6,-20,5,'2024-05-03 12:16:15'),(51,6,4,44,6,'2024-05-03 09:45:34'),(51,7,4,44,7,'2024-05-03 04:52:00'),(51,8,6,-20,8,'2024-05-03 09:55:40'),(51,9,4,44,9,'2024-05-03 09:41:23'),(51,10,6,-20,10,'2024-05-03 13:28:44'),(51,11,NULL,-20,4,'2024-05-03 18:45:48'),(51,12,NULL,-20,4,'2024-05-03 18:45:48'),(51,13,6,-20,13,'2024-05-03 13:26:40'),(51,14,NULL,-20,4,'2024-05-03 18:45:48'),(51,15,4,44,15,'2024-05-03 07:39:54'),(51,16,NULL,-20,4,'2024-05-03 18:45:48'),(52,1,9,33,1,'2024-05-04 12:29:53'),(52,2,3,-20,2,'2024-05-04 07:28:36'),(52,3,9,33,3,'2024-05-03 15:26:36'),(52,4,9,33,4,'2024-05-04 09:17:20'),(52,5,3,-20,5,'2024-05-04 11:50:42'),(52,6,3,-20,6,'2024-05-03 18:10:11'),(52,7,9,33,7,'2024-05-04 05:09:16'),(52,8,3,-20,8,'2024-05-04 08:08:24'),(52,9,NULL,-20,4,'2024-05-04 17:16:03'),(52,10,3,-20,10,'2024-05-04 13:16:14'),(52,11,NULL,-20,4,'2024-05-04 17:16:03'),(52,12,NULL,-20,4,'2024-05-04 17:16:03'),(52,13,9,33,13,'2024-05-04 11:36:05'),(52,14,NULL,-20,4,'2024-05-04 17:16:03'),(52,15,9,33,15,'2024-05-04 07:36:50'),(52,16,NULL,-20,4,'2024-05-04 17:16:03'),(53,1,1,20,1,'2024-05-05 06:04:53'),(53,2,1,20,2,'2024-05-05 02:54:56'),(53,3,1,20,3,'2024-05-04 17:43:23'),(53,4,7,-20,4,'2024-05-05 08:48:57'),(53,5,1,20,5,'2024-05-05 04:53:55'),(53,6,1,20,6,'2024-05-05 04:02:56'),(53,7,NULL,-20,4,'2024-05-05 13:32:58'),(53,8,7,-20,8,'2024-05-04 12:53:12'),(53,9,1,20,9,'2024-05-05 07:50:55'),(53,10,7,-20,10,'2024-05-04 19:01:25'),(53,11,NULL,-20,4,'2024-05-05 13:32:58'),(53,12,NULL,-20,4,'2024-05-05 13:32:58'),(53,13,1,20,13,'2024-05-04 11:35:55'),(53,14,NULL,-20,4,'2024-05-05 13:32:58'),(53,15,1,20,15,'2024-05-04 12:17:38'),(53,16,NULL,-20,4,'2024-05-05 13:32:58'),(54,1,4,16,1,'2024-05-05 06:05:47'),(54,2,5,-20,2,'2024-05-05 02:55:22'),(54,3,4,16,3,'2024-05-04 17:43:16'),(54,4,4,16,4,'2024-05-05 08:49:39'),(54,5,5,-20,5,'2024-05-05 04:54:20'),(54,6,4,16,6,'2024-05-05 04:03:09'),(54,7,4,16,7,'2024-05-05 09:32:28'),(54,8,4,16,8,'2024-05-05 04:30:40'),(54,9,4,16,9,'2024-05-05 07:51:26'),(54,10,5,-20,10,'2024-05-04 19:01:34'),(54,11,NULL,-20,4,'2024-05-05 17:47:27'),(54,12,NULL,-20,4,'2024-05-05 17:47:27'),(54,13,4,16,13,'2024-05-05 09:21:15'),(54,14,NULL,-20,4,'2024-05-05 17:47:27'),(54,15,4,16,15,'2024-05-05 04:47:37'),(54,16,NULL,-20,4,'2024-05-05 17:47:27'),(55,1,10,-20,1,'2024-05-06 01:32:46'),(55,2,6,60,2,'2024-05-06 04:58:16'),(55,3,10,-20,3,'2024-05-05 13:31:51'),(55,4,10,-20,4,'2024-05-06 10:53:17'),(55,5,6,60,5,'2024-05-06 12:44:10'),(55,6,10,-20,6,'2024-05-06 05:24:01'),(55,7,10,-20,7,'2024-05-06 05:03:58'),(55,8,6,60,8,'2024-05-06 05:35:27'),(55,9,NULL,-20,4,'2024-05-06 17:42:46'),(55,10,6,60,10,'2024-05-06 13:27:31'),(55,11,NULL,-20,4,'2024-05-06 17:42:46'),(55,12,NULL,-20,4,'2024-05-06 17:42:46'),(55,13,10,-20,13,'2024-05-06 13:22:27'),(55,14,NULL,-20,4,'2024-05-06 17:42:46'),(55,15,10,-20,15,'2024-05-05 21:15:40'),(55,16,NULL,-20,4,'2024-05-06 17:42:46'),(56,1,8,-20,1,'2024-05-07 11:02:54'),(56,2,2,44,2,'2024-05-07 11:53:58'),(56,3,8,-20,3,'2024-05-06 14:38:35'),(56,4,8,-20,4,'2024-05-07 13:04:48'),(56,5,2,44,5,'2024-05-07 11:49:57'),(56,6,2,44,6,'2024-05-07 02:52:09'),(56,7,8,-20,7,'2024-05-07 08:07:59'),(56,8,8,-20,8,'2024-05-07 11:32:58'),(56,9,8,-20,9,'2024-05-07 03:15:00'),(56,10,2,44,10,'2024-05-07 13:22:10'),(56,11,NULL,-20,4,'2024-05-07 17:58:56'),(56,12,NULL,-20,4,'2024-05-07 17:58:56'),(56,13,2,44,13,'2024-05-07 11:58:29'),(56,14,NULL,-20,4,'2024-05-07 17:58:56'),(56,15,8,-20,15,'2024-05-07 04:56:03'),(56,16,NULL,-20,4,'2024-05-07 17:58:56'),(57,1,10,20,1,'2024-05-08 12:22:33'),(57,2,10,20,2,'2024-05-08 07:54:20'),(57,3,10,20,3,'2024-05-08 04:00:07'),(57,4,10,20,4,'2024-05-08 12:55:56'),(57,5,10,20,5,'2024-05-08 08:37:06'),(57,6,5,-20,6,'2024-05-08 05:27:15'),(57,7,5,-20,7,'2024-05-08 06:03:30'),(57,8,5,-20,8,'2024-05-08 05:26:31'),(57,9,10,20,9,'2024-05-08 05:54:27'),(57,10,5,-20,10,'2024-05-08 13:14:10'),(57,11,NULL,-20,4,'2024-05-08 16:45:39'),(57,12,NULL,-20,4,'2024-05-08 16:45:39'),(57,13,10,20,13,'2024-05-08 11:08:10'),(57,14,NULL,-20,4,'2024-05-08 16:45:39'),(57,15,10,20,15,'2024-05-08 05:58:49'),(57,16,NULL,-20,4,'2024-05-08 16:45:39'),(58,1,9,26,1,'2024-05-09 13:29:17'),(58,2,9,26,2,'2024-05-09 03:52:50'),(58,3,9,26,3,'2024-05-08 13:50:01'),(58,4,9,26,4,'2024-05-09 12:46:40'),(58,5,9,26,5,'2024-05-09 11:49:27'),(58,6,9,26,6,'2024-05-09 05:14:43'),(58,7,7,-20,7,'2024-05-09 08:32:46'),(58,8,7,-20,8,'2024-05-09 05:24:13'),(58,9,NULL,-20,2,'2024-05-09 18:06:56'),(58,10,7,-20,10,'2024-05-09 13:20:12'),(58,11,NULL,-20,2,'2024-05-09 18:06:56'),(58,12,NULL,-20,2,'2024-05-09 18:06:56'),(58,13,9,26,13,'2024-05-09 03:50:18'),(58,14,NULL,-20,2,'2024-05-09 18:06:56'),(58,15,7,-20,15,'2024-05-09 03:47:42'),(58,16,NULL,-20,2,'2024-05-09 18:06:56'),(59,1,1,-20,1,'2024-05-10 03:40:25'),(59,2,3,60,2,'2024-05-09 18:08:31'),(59,3,1,-20,3,'2024-05-09 15:55:16'),(59,4,1,-20,4,'2024-05-10 05:52:38'),(59,5,1,-20,5,'2024-05-10 11:19:04'),(59,6,1,-20,6,'2024-05-10 05:59:24'),(59,7,3,60,7,'2024-05-10 10:33:12'),(59,8,3,60,8,'2024-05-10 05:59:37'),(59,9,1,-20,9,'2024-05-10 06:52:38'),(59,10,3,60,10,'2024-05-10 13:05:33'),(59,11,NULL,-20,2,'2024-05-10 18:02:02'),(59,12,NULL,-20,2,'2024-05-10 18:02:02'),(59,13,NULL,-20,2,'2024-05-10 18:02:02'),(59,14,NULL,-20,2,'2024-05-10 18:02:02'),(59,15,1,-20,15,'2024-05-10 05:56:13'),(59,16,NULL,-20,2,'2024-05-10 18:02:02'),(60,1,4,33,1,'2024-05-11 04:14:52'),(60,2,4,33,2,'2024-05-10 18:03:32'),(60,3,6,-20,3,'2024-05-11 10:27:00'),(60,4,6,-20,4,'2024-05-11 04:11:24'),(60,5,4,33,5,'2024-05-11 12:33:34'),(60,6,6,-20,6,'2024-05-11 04:21:18'),(60,7,4,33,7,'2024-05-11 04:12:16'),(60,8,6,-20,8,'2024-05-11 04:14:07'),(60,9,4,33,9,'2024-05-11 04:15:05'),(60,10,6,-20,10,'2024-05-10 17:13:38'),(60,11,NULL,-20,5,'2024-05-11 19:56:47'),(60,12,NULL,-20,5,'2024-05-11 19:56:47'),(60,13,6,-20,13,'2024-05-11 09:46:12'),(60,14,NULL,-20,5,'2024-05-11 19:56:47'),(60,15,4,33,15,'2024-05-11 05:49:06'),(60,16,NULL,-20,5,'2024-05-11 19:56:47'),(61,1,NULL,-20,4,'2024-05-12 14:03:51'),(61,2,1,33,2,'2024-05-11 20:47:58'),(61,3,1,33,3,'2024-05-11 10:26:54'),(61,4,8,-20,4,'2024-05-12 02:32:49'),(61,5,1,33,5,'2024-05-12 03:13:38'),(61,6,8,-20,6,'2024-05-12 04:50:14'),(61,7,8,-20,7,'2024-05-12 07:11:03'),(61,8,8,-20,8,'2024-05-12 07:56:15'),(61,9,1,33,9,'2024-05-12 03:25:45'),(61,10,1,33,10,'2024-05-11 19:19:31'),(61,11,NULL,-20,4,'2024-05-12 14:03:51'),(61,12,NULL,-20,4,'2024-05-12 14:03:51'),(61,13,1,33,13,'2024-05-11 09:46:19'),(61,14,NULL,-20,4,'2024-05-12 14:03:51'),(61,15,8,-20,15,'2024-05-12 04:01:06'),(61,16,NULL,-20,4,'2024-05-12 14:03:51'),(62,1,2,-20,1,'2024-05-12 06:32:46'),(62,2,9,33,2,'2024-05-11 20:47:26'),(62,3,9,33,3,'2024-05-12 04:52:59'),(62,4,2,-20,4,'2024-05-12 02:33:12'),(62,5,9,33,5,'2024-05-12 11:48:53'),(62,6,2,-20,6,'2024-05-12 04:50:26'),(62,7,2,-20,7,'2024-05-12 07:06:07'),(62,8,2,-20,8,'2024-05-12 07:57:04'),(62,9,9,33,9,'2024-05-12 03:25:34'),(62,10,2,-20,10,'2024-05-11 19:19:42'),(62,11,NULL,-20,4,'2024-05-12 17:41:32'),(62,12,NULL,-20,4,'2024-05-12 17:41:32'),(62,13,9,33,13,'2024-05-12 03:43:15'),(62,14,NULL,-20,4,'2024-05-12 17:41:32'),(62,15,9,33,15,'2024-05-12 04:00:31'),(62,16,NULL,-20,4,'2024-05-12 17:41:32'),(63,1,4,0,1,'2024-05-13 05:02:36'),(63,2,3,0,2,'2024-05-12 17:49:57'),(63,3,4,0,3,'2024-05-12 13:40:50'),(63,4,4,0,4,'2024-05-13 05:00:12'),(63,5,3,0,5,'2024-05-13 11:35:23'),(63,6,4,0,6,'2024-05-13 05:12:04'),(63,7,4,0,7,'2024-05-13 06:24:54'),(63,8,4,0,8,'2024-05-13 08:40:01'),(63,9,3,0,9,'2024-05-13 12:13:41'),(63,10,3,0,10,'2024-05-12 18:11:01'),(63,11,NULL,0,10,'2024-06-01 15:55:06'),(63,12,NULL,0,10,'2024-06-01 15:55:06'),(63,13,3,0,13,'2024-05-13 05:07:53'),(63,14,NULL,0,10,'2024-06-01 15:55:06'),(63,15,4,0,15,'2024-05-13 05:11:11'),(63,16,NULL,0,10,'2024-06-01 15:55:06'),(64,1,2,44,1,'2024-05-14 11:13:25'),(64,2,5,-20,2,'2024-05-14 06:48:32'),(64,3,5,-20,3,'2024-05-14 11:18:28'),(64,4,5,-20,4,'2024-05-14 10:23:40'),(64,5,2,44,5,'2024-05-14 11:41:57'),(64,6,2,44,6,'2024-05-14 11:16:35'),(64,7,NULL,-20,5,'2024-05-15 02:00:08'),(64,8,2,44,8,'2024-05-14 12:15:28'),(64,9,2,44,9,'2024-05-14 11:45:21'),(64,10,5,-20,10,'2024-05-14 09:40:20'),(64,11,NULL,-20,5,'2024-05-15 02:00:08'),(64,12,NULL,-20,5,'2024-05-15 02:00:08'),(64,13,NULL,-20,5,'2024-05-15 02:00:08'),(64,14,NULL,-20,5,'2024-05-15 02:00:08'),(64,15,5,-20,15,'2024-05-14 11:21:50'),(64,16,NULL,-20,5,'2024-05-15 02:00:08'),(65,1,8,-20,1,'2024-05-15 04:29:26'),(65,2,7,87,2,'2024-05-15 10:21:26'),(65,3,8,-20,3,'2024-05-15 13:15:14'),(65,4,8,-20,4,'2024-05-15 02:39:00'),(65,5,NULL,-20,2,'2024-05-15 17:44:45'),(65,6,7,87,6,'2024-05-15 02:41:48'),(65,7,8,-20,7,'2024-05-15 04:02:43'),(65,8,8,-20,8,'2024-05-15 04:08:21'),(65,9,8,-20,9,'2024-05-15 02:52:17'),(65,10,7,87,10,'2024-05-15 08:33:29'),(65,11,NULL,-20,2,'2024-05-15 17:44:45'),(65,12,NULL,-20,2,'2024-05-15 17:44:45'),(65,13,NULL,-20,2,'2024-05-15 17:44:45'),(65,14,NULL,-20,2,'2024-05-15 17:44:45'),(65,15,8,-20,15,'2024-05-15 07:02:47'),(65,16,NULL,-20,2,'2024-05-15 17:44:45'),(66,1,NULL,0,10,'2024-06-01 17:36:14'),(66,2,3,0,2,'2024-05-15 17:46:04'),(66,3,10,0,3,'2024-05-16 02:27:52'),(66,4,10,0,4,'2024-05-16 09:03:10'),(66,5,10,0,5,'2024-05-16 12:18:25'),(66,6,NULL,0,10,'2024-06-01 17:36:14'),(66,7,NULL,0,10,'2024-06-01 17:36:14'),(66,8,3,0,8,'2024-05-16 05:51:24'),(66,9,NULL,0,10,'2024-06-01 17:36:14'),(66,10,10,0,10,'2024-05-16 04:38:53'),(66,11,NULL,0,10,'2024-06-01 17:36:14'),(66,12,NULL,0,10,'2024-06-01 17:36:14'),(66,13,NULL,0,10,'2024-06-01 17:36:14'),(66,14,NULL,0,10,'2024-06-01 17:36:14'),(66,15,NULL,0,10,'2024-06-01 17:36:14'),(66,16,NULL,0,10,'2024-06-01 17:36:14'),(67,1,6,-20,1,'2024-05-17 09:51:51'),(67,2,5,44,2,'2024-05-17 08:05:10'),(67,3,6,-20,3,'2024-05-17 02:44:11'),(67,4,5,44,4,'2024-05-17 07:30:21'),(67,5,NULL,-20,4,'2024-05-17 18:47:05'),(67,6,5,44,6,'2024-05-17 08:15:13'),(67,7,5,44,7,'2024-05-17 07:33:36'),(67,8,5,44,8,'2024-05-17 07:49:20'),(67,9,6,-20,9,'2024-05-17 07:32:09'),(67,10,6,-20,10,'2024-05-17 10:10:05'),(67,11,NULL,-20,4,'2024-05-17 18:47:05'),(67,12,NULL,-20,4,'2024-05-17 18:47:05'),(67,13,6,-20,13,'2024-05-17 07:38:34'),(67,14,NULL,-20,4,'2024-05-17 18:47:05'),(67,15,6,-20,15,'2024-05-17 08:28:51'),(67,16,NULL,-20,4,'2024-05-17 18:47:05'),(68,1,1,-20,1,'2024-05-18 13:04:31'),(68,2,1,-20,2,'2024-05-17 18:51:35'),(68,3,9,60,3,'2024-05-18 07:33:34'),(68,4,9,60,4,'2024-05-18 08:13:26'),(68,5,1,-20,5,'2024-05-18 07:49:52'),(68,6,1,-20,6,'2024-05-18 07:46:56'),(68,7,NULL,-20,2,'2024-05-18 18:34:29'),(68,8,1,-20,8,'2024-05-18 07:27:09'),(68,9,NULL,-20,2,'2024-05-18 18:34:29'),(68,10,9,60,10,'2024-05-18 08:56:27'),(68,11,NULL,-20,2,'2024-05-18 18:34:29'),(68,12,NULL,-20,2,'2024-05-18 18:34:29'),(68,13,1,-20,13,'2024-05-18 09:53:18'),(68,14,NULL,-20,2,'2024-05-18 18:34:30'),(68,15,9,60,15,'2024-05-18 07:33:54'),(68,16,NULL,-20,2,'2024-05-18 18:34:30'),(69,1,NULL,-20,2,'2024-05-19 13:45:57'),(69,2,10,12,2,'2024-05-19 04:55:51'),(69,3,10,12,3,'2024-05-18 14:52:13'),(69,4,10,12,4,'2024-05-19 04:55:06'),(69,5,NULL,-20,2,'2024-05-19 13:45:57'),(69,6,10,12,6,'2024-05-19 06:29:10'),(69,7,10,12,7,'2024-05-19 05:28:11'),(69,8,10,12,8,'2024-05-19 07:40:47'),(69,9,10,12,9,'2024-05-19 05:08:59'),(69,10,10,12,10,'2024-05-18 18:42:23'),(69,11,NULL,-20,2,'2024-05-19 13:45:57'),(69,12,NULL,-20,2,'2024-05-19 13:45:57'),(69,13,10,12,13,'2024-05-18 09:53:11'),(69,14,NULL,-20,2,'2024-05-19 13:45:57'),(69,15,10,12,15,'2024-05-19 05:26:20'),(69,16,NULL,-20,2,'2024-05-19 13:45:57'),(70,1,8,0,1,'2024-05-19 13:18:47'),(70,2,8,0,2,'2024-05-19 04:57:12'),(70,3,8,0,3,'2024-05-18 14:52:21'),(70,4,4,0,4,'2024-05-19 04:54:14'),(70,5,4,0,5,'2024-05-19 13:03:32'),(70,6,4,0,6,'2024-05-19 06:28:56'),(70,7,4,0,7,'2024-05-19 05:27:48'),(70,8,8,0,8,'2024-05-19 07:40:31'),(70,9,4,0,9,'2024-05-19 05:08:48'),(70,10,8,0,10,'2024-05-18 18:42:32'),(70,11,NULL,0,10,'2024-06-01 17:36:41'),(70,12,NULL,0,10,'2024-06-01 17:36:41'),(70,13,8,0,13,'2024-05-19 09:41:34'),(70,14,NULL,0,10,'2024-06-01 17:36:41'),(70,15,4,0,15,'2024-05-19 05:25:41'),(70,16,NULL,0,10,'2024-06-01 17:36:41'),(71,1,4,167,1,'2024-05-21 13:15:25'),(71,2,4,167,2,'2024-05-21 06:58:11'),(71,3,10,-100,3,'2024-05-21 07:02:20'),(71,4,10,-100,4,'2024-05-21 07:26:00'),(71,5,10,-100,5,'2024-05-21 09:51:56'),(71,6,4,167,6,'2024-05-21 08:57:05'),(71,7,4,167,7,'2024-05-21 07:20:43'),(71,8,10,-100,8,'2024-05-21 07:02:15'),(71,9,4,167,9,'2024-05-21 10:59:37'),(71,10,4,167,10,'2024-05-21 06:58:57'),(71,11,NULL,-100,4,'2024-05-21 17:14:24'),(71,12,10,-100,12,'2024-05-21 07:01:38'),(71,13,10,-100,13,'2024-05-21 10:09:25'),(71,14,NULL,-100,4,'2024-05-21 17:14:24'),(71,15,10,-100,15,'2024-05-21 08:31:52'),(71,16,NULL,-100,4,'2024-05-21 17:14:24'),(72,1,8,100,1,'2024-05-22 10:22:50'),(72,2,8,100,2,'2024-05-22 07:49:49'),(72,3,9,-100,3,'2024-05-22 05:27:41'),(72,4,9,-100,4,'2024-05-22 05:27:49'),(72,5,8,100,5,'2024-05-22 09:51:17'),(72,6,9,-100,6,'2024-05-22 07:56:28'),(72,7,8,100,7,'2024-05-22 10:46:16'),(72,8,8,100,8,'2024-05-22 07:45:40'),(72,9,8,100,9,'2024-05-22 07:45:46'),(72,10,8,100,10,'2024-05-22 09:51:42'),(72,11,NULL,-100,2,'2024-05-22 17:56:04'),(72,12,9,-100,12,'2024-05-22 07:45:09'),(72,13,8,100,13,'2024-05-22 10:45:57'),(72,14,NULL,-100,2,'2024-05-22 17:56:04'),(72,15,9,-100,15,'2024-05-22 08:08:04'),(72,16,NULL,-100,2,'2024-05-22 17:56:04'),(73,1,NULL,-100,2,'2024-05-24 17:48:03'),(73,2,10,129,2,'2024-05-24 10:32:17'),(73,3,10,129,3,'2024-05-24 08:23:14'),(73,4,8,-100,4,'2024-05-24 08:58:44'),(73,5,10,129,5,'2024-05-24 12:23:35'),(73,6,8,-100,6,'2024-05-24 08:20:56'),(73,7,10,129,7,'2024-05-24 08:14:00'),(73,8,8,-100,8,'2024-05-24 08:12:00'),(73,9,8,-100,9,'2024-05-24 11:06:34'),(73,10,10,129,10,'2024-05-24 10:49:34'),(73,11,NULL,-100,2,'2024-05-24 17:48:03'),(73,12,NULL,-100,2,'2024-05-24 17:48:03'),(73,13,10,129,13,'2024-05-24 09:08:39'),(73,14,NULL,-100,2,'2024-05-24 17:48:03'),(73,15,10,129,15,'2024-05-24 08:21:07'),(73,16,NULL,-100,2,'2024-05-24 17:48:03'),(74,1,4,333,1,'2024-05-26 07:42:33'),(74,2,4,333,2,'2024-05-26 07:31:16'),(74,3,10,-200,3,'2024-05-26 03:57:35'),(74,4,4,333,4,'2024-05-26 03:28:31'),(74,5,10,-200,5,'2024-05-26 05:14:35'),(74,6,4,333,6,'2024-05-26 04:10:20'),(74,7,10,-200,7,'2024-05-26 07:32:17'),(74,8,10,-200,8,'2024-05-26 05:16:58'),(74,9,4,333,9,'2024-05-26 09:51:37'),(74,10,10,-200,10,'2024-05-26 13:27:17'),(74,11,NULL,-200,2,'2024-05-26 17:04:57'),(74,12,NULL,-200,2,'2024-05-26 17:04:57'),(74,13,10,-200,13,'2024-05-26 09:28:02'),(74,14,NULL,-200,2,'2024-05-26 17:04:57'),(74,15,4,333,15,'2024-05-26 05:40:45'),(74,16,NULL,-200,2,'2024-05-26 17:04:57'),(75,1,NULL,-20,10,'2024-06-02 04:54:44'),(75,2,27,65,2,'2024-06-01 18:10:59'),(75,3,26,-20,3,'2024-06-01 17:49:47'),(75,4,27,65,4,'2024-06-01 17:45:31'),(75,5,NULL,-20,10,'2024-06-02 04:54:44'),(75,6,NULL,-20,10,'2024-06-02 04:54:44'),(75,7,NULL,-20,10,'2024-06-02 04:54:44'),(75,8,NULL,-20,10,'2024-06-02 04:54:44'),(75,9,NULL,-20,10,'2024-06-02 04:54:44'),(75,10,27,65,10,'2024-05-29 10:58:55'),(75,11,NULL,-20,10,'2024-06-02 04:54:44'),(75,12,NULL,-20,10,'2024-06-02 04:54:44'),(75,13,NULL,-20,10,'2024-06-02 04:54:44'),(75,14,NULL,-20,10,'2024-06-02 04:54:44'),(75,15,NULL,-20,10,'2024-06-02 04:54:44'),(75,16,NULL,-20,10,'2024-06-02 04:54:44'),(75,20,27,65,20,'2024-05-29 10:58:43'),(76,1,NULL,-20,4,'2024-06-02 18:10:09'),(76,2,18,18,2,'2024-06-02 02:54:15'),(76,3,18,18,3,'2024-06-02 04:05:05'),(76,4,18,18,4,'2024-06-02 02:41:46'),(76,5,18,18,5,'2024-06-02 02:53:56'),(76,6,NULL,-20,4,'2024-06-02 18:10:09'),(76,7,NULL,-20,4,'2024-06-02 18:10:09'),(76,8,18,18,8,'2024-06-02 02:40:18'),(76,9,18,18,9,'2024-06-02 11:00:51'),(76,10,18,18,10,'2024-06-02 04:03:16'),(76,11,NULL,-20,4,'2024-06-02 18:10:09'),(76,12,NULL,-20,4,'2024-06-02 18:10:09'),(76,13,NULL,-20,4,'2024-06-02 18:10:09'),(76,14,NULL,-20,4,'2024-06-02 18:10:09'),(76,15,18,18,15,'2024-06-02 02:44:15'),(76,16,NULL,-20,4,'2024-06-02 18:10:09'),(76,20,18,18,20,'2024-06-02 04:10:18'),(77,1,NULL,-20,4,'2024-06-03 04:29:48'),(77,2,NULL,-20,4,'2024-06-03 04:29:48'),(77,3,25,-20,3,'2024-06-02 18:25:46'),(77,4,23,93,4,'2024-06-02 18:11:12'),(77,5,NULL,-20,4,'2024-06-03 04:29:48'),(77,6,NULL,-20,4,'2024-06-03 04:29:48'),(77,7,25,-20,7,'2024-06-02 17:20:02'),(77,8,NULL,-20,4,'2024-06-03 04:29:48'),(77,9,NULL,-20,4,'2024-06-03 04:29:48'),(77,10,23,93,10,'2024-06-02 15:45:03'),(77,11,NULL,-20,4,'2024-06-03 04:29:48'),(77,12,NULL,-20,4,'2024-06-03 04:29:48'),(77,13,NULL,-20,4,'2024-06-03 04:29:48'),(77,14,NULL,-20,4,'2024-06-03 04:29:48'),(77,15,NULL,-20,4,'2024-06-03 04:29:48'),(77,16,NULL,-20,4,'2024-06-03 04:29:48'),(77,20,23,93,20,'2024-06-02 14:41:21'),(78,1,NULL,-20,4,'2024-06-03 17:37:55'),(78,2,13,22,2,'2024-06-03 12:24:28'),(78,3,13,22,3,'2024-06-02 18:25:52'),(78,4,13,22,4,'2024-06-02 18:12:12'),(78,5,14,-20,5,'2024-06-03 06:24:40'),(78,6,NULL,-20,4,'2024-06-03 17:37:55'),(78,7,13,22,7,'2024-06-02 17:19:48'),(78,8,13,22,8,'2024-06-03 04:26:26'),(78,9,NULL,-20,4,'2024-06-03 17:37:55'),(78,10,13,22,10,'2024-06-02 15:45:24'),(78,11,NULL,-20,4,'2024-06-03 17:37:55'),(78,12,NULL,-20,4,'2024-06-03 17:37:55'),(78,13,13,22,13,'2024-06-03 10:10:55'),(78,14,NULL,-20,4,'2024-06-03 17:37:55'),(78,15,NULL,-20,4,'2024-06-03 17:37:55'),(78,16,NULL,-20,4,'2024-06-03 17:37:55'),(78,20,13,22,20,'2024-06-02 14:44:41'),(79,1,NULL,-20,10,'2024-06-04 04:42:08'),(79,2,19,14,2,'2024-06-03 12:25:02'),(79,3,19,14,3,'2024-06-02 18:25:57'),(79,4,19,14,4,'2024-06-03 17:23:31'),(79,5,19,14,5,'2024-06-03 06:25:01'),(79,6,NULL,-20,10,'2024-06-04 04:42:08'),(79,7,19,14,7,'2024-06-03 18:00:33'),(79,8,19,14,8,'2024-06-03 04:26:37'),(79,9,19,14,9,'2024-06-03 15:34:27'),(79,10,19,14,10,'2024-06-02 18:27:45'),(79,11,NULL,-20,10,'2024-06-04 04:42:08'),(79,12,NULL,-20,10,'2024-06-04 04:42:08'),(79,13,19,14,13,'2024-06-03 10:11:03'),(79,14,NULL,-20,10,'2024-06-04 04:42:08'),(79,15,NULL,-20,10,'2024-06-04 04:42:08'),(79,16,NULL,-20,10,'2024-06-04 04:42:08'),(79,20,19,14,20,'2024-06-02 17:29:59'),(80,1,NULL,0,10,'2024-06-05 16:38:20'),(80,2,21,0,2,'2024-06-03 12:25:09'),(80,3,21,0,3,'2024-06-02 18:26:02'),(80,4,21,0,4,'2024-06-03 17:23:41'),(80,5,21,0,5,'2024-06-03 06:25:30'),(80,6,NULL,0,10,'2024-06-05 16:38:20'),(80,7,21,0,7,'2024-06-03 18:00:42'),(80,8,21,0,8,'2024-06-03 04:26:43'),(80,9,21,0,9,'2024-06-03 15:34:32'),(80,10,21,0,10,'2024-06-02 18:27:56'),(80,11,NULL,0,10,'2024-06-05 16:38:20'),(80,12,NULL,0,10,'2024-06-05 16:38:20'),(80,13,21,0,13,'2024-06-03 10:11:10'),(80,14,NULL,0,10,'2024-06-05 16:38:20'),(80,15,NULL,0,10,'2024-06-05 16:38:20'),(80,16,NULL,0,10,'2024-06-05 16:38:20'),(80,20,21,0,20,'2024-06-02 17:30:06'),(81,1,NULL,-20,4,'2024-06-05 08:27:05'),(81,2,11,14,2,'2024-06-03 12:25:21'),(81,3,11,14,3,'2024-06-02 18:26:08'),(81,4,11,14,4,'2024-06-03 17:23:50'),(81,5,11,14,5,'2024-06-03 06:25:49'),(81,6,NULL,-20,4,'2024-06-05 08:27:05'),(81,7,11,14,7,'2024-06-03 18:00:55'),(81,8,11,14,8,'2024-06-03 04:28:30'),(81,9,11,14,9,'2024-06-03 15:34:38'),(81,10,11,14,10,'2024-06-02 18:28:05'),(81,11,NULL,-20,4,'2024-06-05 08:27:05'),(81,12,NULL,-20,4,'2024-06-05 08:27:05'),(81,13,11,14,13,'2024-06-03 10:11:21'),(81,14,NULL,-20,4,'2024-06-05 08:27:05'),(81,15,NULL,-20,4,'2024-06-05 08:27:05'),(81,16,NULL,-20,4,'2024-06-05 08:27:05'),(81,20,11,14,20,'2024-06-02 17:30:16'),(82,1,NULL,-20,4,'2024-06-05 17:20:18'),(82,2,28,18,2,'2024-06-03 12:25:27'),(82,3,28,18,3,'2024-06-02 18:26:13'),(82,4,28,18,4,'2024-06-03 17:23:57'),(82,5,28,18,5,'2024-06-03 06:26:10'),(82,6,NULL,-20,4,'2024-06-05 17:20:18'),(82,7,NULL,-20,4,'2024-06-05 17:20:18'),(82,8,28,18,8,'2024-06-03 04:28:37'),(82,9,28,18,9,'2024-06-03 15:34:44'),(82,10,28,18,10,'2024-06-02 18:28:12'),(82,11,NULL,-20,4,'2024-06-05 17:20:18'),(82,12,NULL,-20,4,'2024-06-05 17:20:18'),(82,13,28,18,13,'2024-06-03 10:11:27'),(82,14,NULL,-20,4,'2024-06-05 17:20:18'),(82,15,NULL,-20,4,'2024-06-05 17:20:18'),(82,16,NULL,-20,4,'2024-06-05 17:20:18'),(82,20,28,18,20,'2024-06-02 17:30:23'),(83,1,NULL,-20,4,'2024-06-06 02:37:30'),(83,2,16,-20,2,'2024-06-03 12:25:37'),(83,3,16,-20,3,'2024-06-02 18:26:19'),(83,4,16,-20,4,'2024-06-03 17:24:20'),(83,5,16,-20,5,'2024-06-05 18:06:47'),(83,6,NULL,-20,4,'2024-06-06 02:37:30'),(83,7,NULL,-20,4,'2024-06-06 02:37:30'),(83,8,20,65,8,'2024-06-03 04:28:58'),(83,9,16,-20,9,'2024-06-03 15:35:08'),(83,10,20,65,10,'2024-06-02 18:28:24'),(83,11,NULL,-20,4,'2024-06-06 02:37:30'),(83,12,NULL,-20,4,'2024-06-06 02:37:30'),(83,13,20,65,13,'2024-06-03 10:11:39'),(83,14,NULL,-20,4,'2024-06-06 02:37:30'),(83,15,NULL,-20,4,'2024-06-06 02:37:30'),(83,16,NULL,-20,4,'2024-06-06 02:37:31'),(83,20,20,65,20,'2024-06-02 17:30:48'),(84,1,NULL,-20,4,'2024-06-06 05:05:28'),(84,2,22,22,2,'2024-06-03 12:25:42'),(84,3,22,22,3,'2024-06-02 18:26:24'),(84,4,22,22,4,'2024-06-03 17:24:30'),(84,5,22,22,5,'2024-06-05 18:05:10'),(84,6,NULL,-20,4,'2024-06-06 05:05:29'),(84,7,NULL,-20,4,'2024-06-06 05:05:29'),(84,8,25,-20,8,'2024-06-03 04:29:17'),(84,9,22,22,9,'2024-06-03 15:35:02'),(84,10,22,22,10,'2024-06-02 18:28:32'),(84,11,NULL,-20,4,'2024-06-06 05:05:29'),(84,12,NULL,-20,4,'2024-06-06 05:05:29'),(84,13,22,22,13,'2024-06-03 10:11:49'),(84,14,NULL,-20,4,'2024-06-06 05:05:29'),(84,15,NULL,-20,4,'2024-06-06 05:05:29'),(84,16,NULL,-20,4,'2024-06-06 05:05:29'),(84,20,22,22,20,'2024-06-02 17:30:36'),(85,1,NULL,-20,4,'2024-06-07 03:00:31'),(85,2,29,-20,2,'2024-06-03 12:25:53'),(85,3,29,-20,3,'2024-06-02 18:26:29'),(85,4,29,-20,4,'2024-06-03 17:24:38'),(85,5,29,-20,5,'2024-06-05 18:05:16'),(85,6,NULL,-20,4,'2024-06-07 03:00:31'),(85,7,NULL,-20,4,'2024-06-07 03:00:31'),(85,8,29,-20,8,'2024-06-03 04:29:26'),(85,9,29,-20,9,'2024-06-03 15:34:57'),(85,10,29,-20,10,'2024-06-02 18:28:40'),(85,11,NULL,-20,4,'2024-06-07 03:00:31'),(85,12,NULL,-20,4,'2024-06-07 03:00:31'),(85,13,NULL,-20,4,'2024-06-07 03:00:31'),(85,14,NULL,-20,4,'2024-06-07 03:00:31'),(85,15,NULL,-20,4,'2024-06-07 03:00:31'),(85,16,NULL,-20,4,'2024-06-07 03:00:31'),(85,20,29,-20,20,'2024-06-03 05:34:46'),(86,1,NULL,-20,4,'2024-06-07 03:00:41'),(86,2,NULL,-20,4,'2024-06-07 03:00:41'),(86,3,24,48,3,'2024-06-02 18:26:35'),(86,4,23,-20,4,'2024-06-03 17:24:47'),(86,5,24,48,5,'2024-06-05 18:05:23'),(86,6,NULL,-20,4,'2024-06-07 03:00:41'),(86,7,NULL,-20,4,'2024-06-07 03:00:41'),(86,8,24,48,8,'2024-06-03 04:29:33'),(86,9,24,48,9,'2024-06-03 15:35:24'),(86,10,24,48,10,'2024-06-02 18:28:50'),(86,11,NULL,-20,4,'2024-06-07 03:00:41'),(86,12,NULL,-20,4,'2024-06-07 03:00:41'),(86,13,NULL,-20,4,'2024-06-07 03:00:41'),(86,14,NULL,-20,4,'2024-06-07 03:00:41'),(86,15,NULL,-20,4,'2024-06-07 03:00:41'),(86,16,NULL,-20,4,'2024-06-07 03:00:41'),(86,20,23,-20,20,'2024-06-04 05:43:07'),(87,1,NULL,-20,4,'2024-06-07 17:57:05'),(87,2,30,-20,2,'2024-06-07 11:10:30'),(87,3,30,-20,3,'2024-06-02 18:26:41'),(87,4,26,320,4,'2024-06-05 10:41:49'),(87,5,30,-20,5,'2024-06-05 18:05:30'),(87,6,NULL,-20,4,'2024-06-07 17:57:05'),(87,7,NULL,-20,4,'2024-06-07 17:57:06'),(87,8,30,-20,8,'2024-06-03 04:29:39'),(87,9,30,-20,9,'2024-06-03 15:35:30'),(87,10,30,-20,10,'2024-06-02 18:28:59'),(87,11,NULL,-20,4,'2024-06-07 17:57:06'),(87,12,NULL,-20,4,'2024-06-07 17:57:06'),(87,13,NULL,-20,4,'2024-06-07 17:57:06'),(87,14,NULL,-20,4,'2024-06-07 17:57:06'),(87,15,NULL,-20,4,'2024-06-07 17:57:06'),(87,16,NULL,-20,4,'2024-06-07 17:57:06'),(87,20,30,-20,20,'2024-06-05 08:46:45'),(88,1,NULL,-20,4,'2024-06-08 03:03:25'),(88,2,17,-20,2,'2024-06-07 11:10:25'),(88,3,17,-20,3,'2024-06-02 18:26:45'),(88,4,17,-20,4,'2024-06-05 10:42:21'),(88,5,19,320,5,'2024-06-07 17:32:51'),(88,6,NULL,-20,4,'2024-06-08 03:03:25'),(88,7,NULL,-20,4,'2024-06-08 03:03:25'),(88,8,17,-20,8,'2024-06-03 04:29:52'),(88,9,17,-20,9,'2024-06-03 15:35:35'),(88,10,17,-20,10,'2024-06-02 18:29:06'),(88,11,NULL,-20,4,'2024-06-08 03:03:25'),(88,12,NULL,-20,4,'2024-06-08 03:03:25'),(88,13,17,-20,13,'2024-06-07 14:36:21'),(88,14,NULL,-20,4,'2024-06-08 03:03:25'),(88,15,NULL,-20,4,'2024-06-08 03:03:25'),(88,16,NULL,-20,4,'2024-06-08 03:03:25'),(88,20,17,-20,20,'2024-06-05 08:46:51'),(89,1,NULL,-20,4,'2024-06-08 04:04:27'),(89,2,15,93,2,'2024-06-07 11:10:21'),(89,3,14,-20,3,'2024-06-02 18:26:50'),(89,4,14,-20,4,'2024-06-05 10:42:46'),(89,5,14,-20,5,'2024-06-07 17:34:03'),(89,6,NULL,-20,4,'2024-06-08 04:04:27'),(89,7,NULL,-20,4,'2024-06-08 04:04:27'),(89,8,15,93,8,'2024-06-03 04:30:02'),(89,9,NULL,-20,4,'2024-06-08 04:04:27'),(89,10,14,-20,10,'2024-06-02 18:29:18'),(89,11,NULL,-20,4,'2024-06-08 04:04:27'),(89,12,NULL,-20,4,'2024-06-08 04:04:27'),(89,13,15,93,13,'2024-06-07 14:36:29'),(89,14,NULL,-20,4,'2024-06-08 04:04:27'),(89,15,NULL,-20,4,'2024-06-08 04:04:27'),(89,16,NULL,-20,4,'2024-06-08 04:04:27'),(89,20,14,-20,20,'2024-06-05 08:47:02'),(90,1,NULL,-20,4,'2024-06-08 17:52:16'),(90,2,13,22,2,'2024-06-07 11:10:15'),(90,3,13,22,3,'2024-06-02 18:26:55'),(90,4,13,22,4,'2024-06-05 10:43:11'),(90,5,13,22,5,'2024-06-07 17:33:17'),(90,6,NULL,-20,4,'2024-06-08 17:52:16'),(90,7,NULL,-20,4,'2024-06-08 17:52:16'),(90,8,13,22,8,'2024-06-03 04:30:16'),(90,9,NULL,-20,4,'2024-06-08 17:52:16'),(90,10,13,22,10,'2024-06-02 18:29:29'),(90,11,NULL,-20,4,'2024-06-08 17:52:16'),(90,12,NULL,-20,4,'2024-06-08 17:52:16'),(90,13,13,22,13,'2024-06-07 14:36:36'),(90,14,NULL,-20,4,'2024-06-08 17:52:16'),(90,15,NULL,-20,4,'2024-06-08 17:52:16'),(90,16,NULL,-20,4,'2024-06-08 17:52:16'),(90,20,13,22,20,'2024-06-05 18:47:03'),(91,1,NULL,-20,10,'2024-06-08 21:40:36'),(91,2,22,48,2,'2024-06-07 11:10:11'),(91,3,21,-20,3,'2024-06-02 18:27:00'),(91,4,22,48,4,'2024-06-05 10:43:21'),(91,5,22,48,5,'2024-06-07 17:34:52'),(91,6,NULL,-20,10,'2024-06-08 21:40:36'),(91,7,NULL,-20,10,'2024-06-08 21:40:36'),(91,8,21,-20,8,'2024-06-03 04:30:22'),(91,9,NULL,-20,10,'2024-06-08 21:40:36'),(91,10,22,48,10,'2024-06-02 18:29:38'),(91,11,NULL,-20,10,'2024-06-08 21:40:36'),(91,12,NULL,-20,10,'2024-06-08 21:40:36'),(91,13,21,-20,13,'2024-06-07 14:36:44'),(91,14,NULL,-20,10,'2024-06-08 21:40:36'),(91,15,NULL,-20,10,'2024-06-08 21:40:36'),(91,16,NULL,-20,10,'2024-06-08 21:40:36'),(91,20,22,48,20,'2024-06-06 03:58:59'),(92,1,NULL,-20,4,'2024-06-09 03:19:23'),(92,2,18,22,2,'2024-06-07 11:10:07'),(92,3,18,22,3,'2024-06-02 18:27:05'),(92,4,18,22,4,'2024-06-05 10:43:31'),(92,5,18,22,5,'2024-06-07 17:35:57'),(92,6,NULL,-20,4,'2024-06-09 03:19:23'),(92,7,NULL,-20,4,'2024-06-09 03:19:23'),(92,8,18,22,8,'2024-06-03 04:30:29'),(92,9,NULL,-20,4,'2024-06-09 03:19:23'),(92,10,18,22,10,'2024-06-02 18:29:45'),(92,11,NULL,-20,4,'2024-06-09 03:19:23'),(92,12,NULL,-20,4,'2024-06-09 03:19:23'),(92,13,18,22,13,'2024-06-07 14:36:53'),(92,14,NULL,-20,4,'2024-06-09 03:19:23'),(92,15,NULL,-20,4,'2024-06-09 03:19:23'),(92,16,NULL,-20,4,'2024-06-09 03:19:23'),(92,20,18,22,20,'2024-06-06 03:59:16'),(93,1,NULL,-20,4,'2024-06-10 01:32:53'),(93,2,28,22,2,'2024-06-07 11:10:03'),(93,3,28,22,3,'2024-06-02 18:27:10'),(93,4,28,22,4,'2024-06-05 10:43:38'),(93,5,28,22,5,'2024-06-07 17:36:04'),(93,6,NULL,-20,4,'2024-06-10 01:32:53'),(93,7,NULL,-20,4,'2024-06-10 01:32:53'),(93,8,28,22,8,'2024-06-03 04:30:34'),(93,9,NULL,-20,4,'2024-06-10 01:32:53'),(93,10,28,22,10,'2024-06-02 18:29:51'),(93,11,NULL,-20,4,'2024-06-10 01:32:53'),(93,12,NULL,-20,4,'2024-06-10 01:32:53'),(93,13,28,22,13,'2024-06-07 14:36:59'),(93,14,NULL,-20,4,'2024-06-10 01:32:53'),(93,15,NULL,-20,4,'2024-06-10 01:32:53'),(93,16,NULL,-20,4,'2024-06-10 01:32:53'),(93,20,28,22,20,'2024-06-06 03:59:25'),(94,1,NULL,-20,4,'2024-06-10 01:33:20'),(94,2,24,29,2,'2024-06-07 11:09:58'),(94,3,24,29,3,'2024-06-02 18:27:15'),(94,4,24,29,4,'2024-06-05 10:43:45'),(94,5,24,29,5,'2024-06-07 17:36:12'),(94,6,NULL,-20,4,'2024-06-10 01:33:20'),(94,7,NULL,-20,4,'2024-06-10 01:33:20'),(94,8,24,29,8,'2024-06-03 04:30:40'),(94,9,NULL,-20,4,'2024-06-10 01:33:20'),(94,10,24,29,10,'2024-06-02 18:30:05'),(94,11,NULL,-20,4,'2024-06-10 01:33:20'),(94,12,NULL,-20,4,'2024-06-10 01:33:20'),(94,13,25,-20,13,'2024-06-07 14:37:05'),(94,14,NULL,-20,4,'2024-06-10 01:33:20'),(94,15,NULL,-20,4,'2024-06-10 01:33:20'),(94,16,NULL,-20,4,'2024-06-10 01:33:20'),(94,20,24,29,20,'2024-06-06 04:32:18'),(95,1,NULL,-20,4,'2024-06-10 18:03:00'),(95,2,13,29,2,'2024-06-07 11:09:54'),(95,3,13,29,3,'2024-06-02 18:27:21'),(95,4,15,-20,4,'2024-06-05 10:43:52'),(95,5,13,29,5,'2024-06-10 02:43:19'),(95,6,NULL,-20,4,'2024-06-10 18:03:00'),(95,7,NULL,-20,4,'2024-06-10 18:03:00'),(95,8,13,29,8,'2024-06-03 04:30:48'),(95,9,NULL,-20,4,'2024-06-10 18:03:00'),(95,10,13,29,10,'2024-06-02 18:30:12'),(95,11,NULL,-20,4,'2024-06-10 18:03:00'),(95,12,NULL,-20,4,'2024-06-10 18:03:00'),(95,13,13,29,13,'2024-06-07 14:37:14'),(95,14,NULL,-20,4,'2024-06-10 18:03:00'),(95,15,NULL,-20,4,'2024-06-10 18:03:00'),(95,16,NULL,-20,4,'2024-06-10 18:03:00'),(95,20,13,29,20,'2024-06-06 04:32:25'),(96,1,NULL,-20,4,'2024-06-11 17:46:05'),(96,2,29,29,2,'2024-06-07 11:09:49'),(96,3,29,29,3,'2024-06-02 18:27:28'),(96,4,29,29,4,'2024-06-05 10:44:00'),(96,5,29,29,5,'2024-06-11 11:25:02'),(96,6,NULL,-20,4,'2024-06-11 17:46:05'),(96,7,NULL,-20,4,'2024-06-11 17:46:05'),(96,8,29,29,8,'2024-06-03 04:30:54'),(96,9,NULL,-20,4,'2024-06-11 17:46:05'),(96,10,29,29,10,'2024-06-02 18:30:20'),(96,11,NULL,-20,4,'2024-06-11 17:46:05'),(96,12,NULL,-20,4,'2024-06-11 17:46:05'),(96,13,26,-20,13,'2024-06-07 14:37:21'),(96,14,NULL,-20,4,'2024-06-11 17:46:05'),(96,15,NULL,-20,4,'2024-06-11 17:46:05'),(96,16,NULL,-20,4,'2024-06-11 17:46:05'),(96,20,29,29,20,'2024-06-06 04:32:31'),(97,1,NULL,0,10,'2024-06-13 18:39:21'),(97,2,14,0,2,'2024-06-07 11:09:45'),(97,3,14,0,3,'2024-06-02 18:27:34'),(97,4,14,0,4,'2024-06-05 10:44:09'),(97,5,14,0,5,'2024-06-07 17:37:54'),(97,6,NULL,0,10,'2024-06-13 18:39:22'),(97,7,NULL,0,10,'2024-06-13 18:39:22'),(97,8,14,0,8,'2024-06-03 04:30:59'),(97,9,NULL,0,10,'2024-06-13 18:39:22'),(97,10,14,0,10,'2024-06-02 18:30:26'),(97,11,NULL,0,10,'2024-06-13 18:39:22'),(97,12,NULL,0,10,'2024-06-13 18:39:22'),(97,13,14,0,13,'2024-06-07 14:37:28'),(97,14,NULL,0,10,'2024-06-13 18:39:22'),(97,15,NULL,0,10,'2024-06-13 18:39:22'),(97,16,NULL,0,10,'2024-06-13 18:39:22'),(97,20,14,0,20,'2024-06-06 04:32:39'),(98,1,NULL,-20,4,'2024-06-12 04:13:12'),(98,2,22,37,2,'2024-06-07 11:09:40'),(98,3,22,37,3,'2024-06-02 18:27:39'),(98,4,22,37,4,'2024-06-05 10:44:15'),(98,5,22,37,5,'2024-06-07 17:37:48'),(98,6,NULL,-20,4,'2024-06-12 04:13:12'),(98,7,NULL,-20,4,'2024-06-12 04:13:12'),(98,8,23,-20,8,'2024-06-03 04:31:08'),(98,9,NULL,-20,4,'2024-06-12 04:13:13'),(98,10,22,37,10,'2024-06-02 18:30:32'),(98,11,NULL,-20,4,'2024-06-12 04:13:13'),(98,12,NULL,-20,4,'2024-06-12 04:13:13'),(98,13,NULL,-20,4,'2024-06-12 04:13:13'),(98,14,NULL,-20,4,'2024-06-12 04:13:13'),(98,15,NULL,-20,4,'2024-06-12 04:13:13'),(98,16,NULL,-20,4,'2024-06-12 04:13:13'),(98,20,22,37,20,'2024-06-06 04:32:45'),(99,1,NULL,-20,4,'2024-06-12 18:15:06'),(99,2,28,29,2,'2024-06-07 11:09:28'),(99,3,28,29,3,'2024-06-02 18:27:50'),(99,4,28,29,4,'2024-06-05 10:44:26'),(99,5,28,29,5,'2024-06-07 17:36:29'),(99,6,NULL,-20,4,'2024-06-12 18:15:06'),(99,7,NULL,-20,4,'2024-06-12 18:15:06'),(99,8,28,29,8,'2024-06-03 04:31:14'),(99,9,NULL,-20,4,'2024-06-12 18:15:06'),(99,10,28,29,10,'2024-06-02 18:30:39'),(99,11,NULL,-20,4,'2024-06-12 18:15:06'),(99,12,NULL,-20,4,'2024-06-12 18:15:06'),(99,13,NULL,-20,4,'2024-06-12 18:15:06'),(99,14,NULL,-20,4,'2024-06-12 18:15:06'),(99,15,NULL,-20,4,'2024-06-12 18:15:06'),(99,16,NULL,-20,4,'2024-06-12 18:15:06'),(99,20,28,29,20,'2024-06-06 04:32:51'),(100,1,NULL,-20,4,'2024-06-13 05:14:22'),(100,2,17,-20,2,'2024-06-07 11:09:23'),(100,3,17,-20,3,'2024-06-02 18:28:00'),(100,4,18,93,4,'2024-06-05 10:44:35'),(100,5,18,93,5,'2024-06-11 11:25:32'),(100,6,NULL,-20,4,'2024-06-13 05:14:22'),(100,7,NULL,-20,4,'2024-06-13 05:14:22'),(100,8,17,-20,8,'2024-06-03 04:31:26'),(100,9,NULL,-20,4,'2024-06-13 05:14:22'),(100,10,17,-20,10,'2024-06-02 18:30:46'),(100,11,NULL,-20,4,'2024-06-13 05:14:22'),(100,12,NULL,-20,4,'2024-06-13 05:14:22'),(100,13,NULL,-20,4,'2024-06-13 05:14:22'),(100,14,NULL,-20,4,'2024-06-13 05:14:22'),(100,15,NULL,-20,4,'2024-06-13 05:14:22'),(100,16,NULL,-20,4,'2024-06-13 05:14:22'),(100,20,18,93,20,'2024-06-07 17:40:56'),(101,1,NULL,-20,4,'2024-06-13 18:05:08'),(101,2,15,37,2,'2024-06-07 11:09:19'),(101,3,15,37,3,'2024-06-02 18:28:08'),(101,4,11,-20,4,'2024-06-05 10:44:43'),(101,5,15,37,5,'2024-06-11 11:27:18'),(101,6,NULL,-20,4,'2024-06-13 18:05:08'),(101,7,NULL,-20,4,'2024-06-13 18:05:08'),(101,8,15,37,8,'2024-06-03 04:31:36'),(101,9,NULL,-20,4,'2024-06-13 18:05:08'),(101,10,15,37,10,'2024-06-02 18:30:52'),(101,11,NULL,-20,4,'2024-06-13 18:05:08'),(101,12,NULL,-20,4,'2024-06-13 18:05:08'),(101,13,NULL,-20,4,'2024-06-13 18:05:08'),(101,14,NULL,-20,4,'2024-06-13 18:05:08'),(101,15,NULL,-20,4,'2024-06-13 18:05:08'),(101,16,NULL,-20,4,'2024-06-13 18:05:08'),(101,20,15,37,20,'2024-06-07 17:41:10'),(102,1,NULL,-20,4,'2024-06-14 04:01:51'),(102,2,21,29,2,'2024-06-07 11:09:13'),(102,3,21,29,3,'2024-06-02 18:28:13'),(102,4,21,29,4,'2024-06-05 10:44:51'),(102,5,21,29,5,'2024-06-11 11:26:27'),(102,6,NULL,-20,4,'2024-06-14 04:01:51'),(102,7,NULL,-20,4,'2024-06-14 04:01:51'),(102,8,21,29,8,'2024-06-03 04:31:42'),(102,9,NULL,-20,4,'2024-06-14 04:01:51'),(102,10,21,29,10,'2024-06-02 18:30:58'),(102,11,NULL,-20,4,'2024-06-14 04:01:51'),(102,12,NULL,-20,4,'2024-06-14 04:01:51'),(102,13,NULL,-20,4,'2024-06-14 04:01:51'),(102,14,NULL,-20,4,'2024-06-14 04:01:51'),(102,15,NULL,-20,4,'2024-06-14 04:01:51'),(102,16,NULL,-20,4,'2024-06-14 04:01:51'),(102,20,21,29,20,'2024-06-07 17:40:39'),(103,1,NULL,-20,4,'2024-06-14 04:02:00'),(103,2,19,29,2,'2024-06-07 11:09:08'),(103,3,19,29,3,'2024-06-02 18:28:19'),(103,4,19,29,4,'2024-06-05 10:44:59'),(103,5,19,29,5,'2024-06-11 11:26:35'),(103,6,NULL,-20,4,'2024-06-14 04:02:00'),(103,7,NULL,-20,4,'2024-06-14 04:02:00'),(103,8,19,29,8,'2024-06-03 04:31:48'),(103,9,NULL,-20,4,'2024-06-14 04:02:00'),(103,10,19,29,10,'2024-06-02 18:31:08'),(103,11,NULL,-20,4,'2024-06-14 04:02:00'),(103,12,NULL,-20,4,'2024-06-14 04:02:00'),(103,13,NULL,-20,4,'2024-06-14 04:02:00'),(103,14,NULL,-20,4,'2024-06-14 04:02:00'),(103,15,NULL,-20,4,'2024-06-14 04:02:00'),(103,16,NULL,-20,4,'2024-06-14 04:02:00'),(103,20,19,29,20,'2024-06-07 17:42:21'),(104,2,30,NULL,2,'2024-06-07 11:09:03'),(104,3,27,NULL,3,'2024-06-02 18:28:26'),(104,4,27,NULL,4,'2024-06-05 10:45:06'),(104,5,27,NULL,5,'2024-06-11 11:26:42'),(104,8,30,NULL,8,'2024-06-03 04:31:54'),(104,10,27,NULL,10,'2024-06-02 18:31:21'),(104,13,27,NULL,13,'2024-06-14 09:48:24'),(104,20,27,NULL,20,'2024-06-07 17:42:37'),(105,1,NULL,-20,4,'2024-06-15 10:04:29'),(105,2,13,22,2,'2024-06-07 11:08:56'),(105,3,13,22,3,'2024-06-02 18:28:31'),(105,4,13,22,4,'2024-06-05 10:45:14'),(105,5,13,22,5,'2024-06-11 11:27:44'),(105,6,NULL,-20,4,'2024-06-15 10:04:29'),(105,7,NULL,-20,4,'2024-06-15 10:04:29'),(105,8,13,22,8,'2024-06-03 04:32:00'),(105,9,NULL,-20,4,'2024-06-15 10:04:29'),(105,10,13,22,10,'2024-06-02 18:31:29'),(105,11,NULL,-20,4,'2024-06-15 10:04:29'),(105,12,NULL,-20,4,'2024-06-15 10:04:29'),(105,13,13,22,13,'2024-06-14 09:48:31'),(105,14,NULL,-20,4,'2024-06-15 10:04:29'),(105,15,NULL,-20,4,'2024-06-15 10:04:29'),(105,16,NULL,-20,4,'2024-06-15 10:04:29'),(105,20,13,22,20,'2024-06-07 17:42:44'),(106,1,NULL,-20,4,'2024-06-15 10:05:03'),(106,2,17,22,2,'2024-06-07 11:08:51'),(106,3,17,22,3,'2024-06-02 18:28:38'),(106,4,17,22,4,'2024-06-05 10:45:22'),(106,5,17,22,5,'2024-06-11 11:27:51'),(106,6,NULL,-20,4,'2024-06-15 10:05:03'),(106,7,NULL,-20,4,'2024-06-15 10:05:03'),(106,8,17,22,8,'2024-06-03 04:32:23'),(106,9,NULL,-20,4,'2024-06-15 10:05:03'),(106,10,17,22,10,'2024-06-02 18:31:36'),(106,11,NULL,-20,4,'2024-06-15 10:05:03'),(106,12,NULL,-20,4,'2024-06-15 10:05:03'),(106,13,17,22,13,'2024-06-14 09:48:39'),(106,14,NULL,-20,4,'2024-06-15 10:05:03'),(106,15,NULL,-20,4,'2024-06-15 10:05:03'),(106,16,NULL,-20,4,'2024-06-15 10:05:03'),(106,20,17,22,20,'2024-06-07 17:42:50'),(107,2,28,NULL,2,'2024-06-07 11:08:46'),(107,3,28,NULL,3,'2024-06-02 18:28:44'),(107,4,28,NULL,4,'2024-06-05 10:45:30'),(107,5,28,NULL,5,'2024-06-11 11:27:58'),(107,8,28,NULL,8,'2024-06-03 04:32:28'),(107,10,28,NULL,10,'2024-06-02 18:31:42'),(107,13,28,NULL,13,'2024-06-14 09:48:46'),(107,20,28,NULL,20,'2024-06-07 17:42:55'),(108,2,21,NULL,2,'2024-06-07 11:08:41'),(108,3,21,NULL,3,'2024-06-02 18:28:49'),(108,4,21,NULL,4,'2024-06-05 10:45:38'),(108,5,21,NULL,5,'2024-06-11 11:28:08'),(108,8,21,NULL,8,'2024-06-03 04:32:33'),(108,10,21,NULL,10,'2024-06-02 18:31:49'),(108,13,21,NULL,13,'2024-06-14 09:48:54'),(108,20,21,NULL,20,'2024-06-07 17:43:00'),(109,2,22,NULL,2,'2024-06-07 11:08:36'),(109,3,22,NULL,3,'2024-06-02 18:28:54'),(109,4,22,NULL,4,'2024-06-05 10:45:46'),(109,5,22,NULL,5,'2024-06-11 11:28:18'),(109,8,24,NULL,8,'2024-06-03 04:32:38'),(109,10,22,NULL,10,'2024-06-02 18:31:56'),(109,13,22,NULL,13,'2024-06-14 09:49:01'),(109,20,22,NULL,20,'2024-06-07 17:43:05'),(110,2,30,NULL,2,'2024-06-07 11:08:30'),(110,3,29,NULL,3,'2024-06-02 18:29:01'),(110,4,29,NULL,4,'2024-06-05 10:45:56'),(110,5,29,NULL,5,'2024-06-14 04:46:33'),(110,8,29,NULL,8,'2024-06-03 04:32:44'),(110,10,29,NULL,10,'2024-06-02 18:32:02'),(110,13,30,NULL,13,'2024-06-14 09:49:09'),(110,20,29,NULL,20,'2024-06-07 17:43:10'),(111,2,15,NULL,2,'2024-06-07 11:08:23'),(111,3,15,NULL,3,'2024-06-02 18:29:07'),(111,4,15,NULL,4,'2024-06-05 10:46:04'),(111,5,15,NULL,5,'2024-06-14 04:46:38'),(111,8,15,NULL,8,'2024-06-03 04:32:49'),(111,10,15,NULL,10,'2024-06-02 18:32:09'),(111,13,15,NULL,13,'2024-06-14 09:49:18'),(111,20,15,NULL,20,'2024-06-07 17:43:16'),(112,2,14,NULL,2,'2024-06-07 11:08:17'),(112,3,14,NULL,3,'2024-06-02 18:29:11'),(112,4,14,NULL,4,'2024-06-05 10:46:11'),(112,5,14,NULL,5,'2024-06-14 04:46:45'),(112,8,11,NULL,8,'2024-06-03 04:32:57'),(112,10,14,NULL,10,'2024-06-02 18:32:22'),(112,13,14,NULL,13,'2024-06-14 09:49:23'),(112,20,14,NULL,20,'2024-06-07 17:43:22'),(113,2,17,NULL,2,'2024-06-07 11:08:11'),(113,3,17,NULL,3,'2024-06-02 18:29:19'),(113,4,17,NULL,4,'2024-06-05 10:46:21'),(113,5,17,NULL,5,'2024-06-14 04:46:51'),(113,8,17,NULL,8,'2024-06-03 04:33:02'),(113,10,17,NULL,10,'2024-06-02 18:32:31'),(113,13,17,NULL,13,'2024-06-14 09:49:32'),(113,20,17,NULL,20,'2024-06-07 17:43:27'),(114,2,19,NULL,2,'2024-06-07 11:08:05'),(114,3,18,NULL,3,'2024-06-02 18:29:25'),(114,4,19,NULL,4,'2024-06-05 10:46:28'),(114,5,18,NULL,5,'2024-06-14 04:47:00'),(114,8,18,NULL,8,'2024-06-03 04:33:07'),(114,10,19,NULL,10,'2024-06-02 18:32:38'),(114,13,18,NULL,13,'2024-06-14 09:49:42'),(114,20,18,NULL,20,'2024-06-07 17:43:36');
/*!40000 ALTER TABLE `poll` ENABLE KEYS */;
UNLOCK TABLES;

--
-- Table structure for table `series`
--

DROP TABLE IF EXISTS `series`;
/*!40101 SET @saved_cs_client     = @@character_set_client */;
/*!50503 SET character_set_client = utf8mb4 */;
CREATE TABLE `series` (
  `Series_Id` int NOT NULL AUTO_INCREMENT,
  `Series_Name` varchar(58) COLLATE utf8mb4_general_ci NOT NULL,
  `Updated_By` int NOT NULL,
  `Updated_TS` timestamp NOT NULL DEFAULT CURRENT_TIMESTAMP,
  PRIMARY KEY (`Series_Id`),
  KEY `FK_Updated_By_Series` (`Updated_By`),
  CONSTRAINT `FK_Updated_By_Series` FOREIGN KEY (`Updated_By`) REFERENCES `user` (`User_Id`)
) ENGINE=InnoDB AUTO_INCREMENT=3 DEFAULT CHARSET=utf8mb4 COLLATE=utf8mb4_general_ci;
/*!40101 SET character_set_client = @saved_cs_client */;

--
-- Dumping data for table `series`
--

LOCK TABLES `series` WRITE;
/*!40000 ALTER TABLE `series` DISABLE KEYS */;
INSERT INTO `series` VALUES (1,'Indian Premier League: IPL - 2024',10,'2024-03-29 06:29:33'),(2,'T20 World Cup: T20WC 2024',4,'2024-05-27 09:26:40');
/*!40000 ALTER TABLE `series` ENABLE KEYS */;
UNLOCK TABLES;

--
-- Table structure for table `series_user`
--

DROP TABLE IF EXISTS `series_user`;
/*!40101 SET @saved_cs_client     = @@character_set_client */;
/*!50503 SET character_set_client = utf8mb4 */;
CREATE TABLE `series_user` (
  `Series_Id` int NOT NULL,
  `User_Id` int NOT NULL,
  `Points` int DEFAULT NULL,
  `Updated_By` int NOT NULL,
  `Updated_TS` timestamp NOT NULL DEFAULT CURRENT_TIMESTAMP,
  PRIMARY KEY (`Series_Id`,`User_Id`),
  KEY `FK_Series_Id_idx` (`Series_Id`),
  KEY `FK_User_Id_idx` (`User_Id`),
  KEY `FK_Updated_By_Series_User` (`Updated_By`),
  CONSTRAINT `FK_Series_Id2` FOREIGN KEY (`Series_Id`) REFERENCES `series` (`Series_Id`),
  CONSTRAINT `FK_Updated_By_Series_User` FOREIGN KEY (`Updated_By`) REFERENCES `user` (`User_Id`),
  CONSTRAINT `FK_User_Id` FOREIGN KEY (`User_Id`) REFERENCES `user` (`User_Id`)
) ENGINE=InnoDB DEFAULT CHARSET=utf8mb4 COLLATE=utf8mb4_general_ci;
/*!40101 SET character_set_client = @saved_cs_client */;

--
-- Dumping data for table `series_user`
--

LOCK TABLES `series_user` WRITE;
/*!40000 ALTER TABLE `series_user` DISABLE KEYS */;
INSERT INTO `series_user` VALUES (1,1,681,10,'2024-03-29 07:15:38'),(1,2,1467,10,'2024-03-29 07:30:15'),(1,3,78,10,'2024-03-29 07:30:15'),(1,4,485,10,'2024-03-29 07:30:15'),(1,5,335,10,'2024-03-29 07:30:15'),(1,6,619,10,'2024-03-29 07:30:15'),(1,7,400,10,'2024-03-29 07:30:15'),(1,8,66,10,'2024-03-29 07:30:15'),(1,9,683,10,'2024-03-29 07:30:15'),(1,10,724,10,'2024-05-29 12:05:21'),(1,11,-1699,10,'2024-03-29 07:30:15'),(1,12,-1036,10,'2024-03-29 07:30:15'),(1,13,-102,10,'2024-03-29 07:30:15'),(1,14,-1446,10,'2024-03-29 07:30:15'),(1,15,572,10,'2024-03-29 07:30:15'),(1,16,-1804,10,'2024-03-29 07:30:15'),(2,1,-580,4,'2024-05-27 09:38:58'),(2,2,532,4,'2024-05-27 09:38:58'),(2,3,334,4,'2024-05-27 09:38:58'),(2,4,879,4,'2024-05-27 09:38:58'),(2,5,813,4,'2024-05-27 09:38:58'),(2,6,-580,4,'2024-05-27 09:38:58'),(2,7,-470,4,'2024-05-27 09:38:58'),(2,8,433,4,'2024-05-27 09:38:58'),(2,9,-326,4,'2024-05-27 09:38:58'),(2,10,685,10,'2024-06-01 21:06:51'),(2,11,-580,4,'2024-05-27 09:38:58'),(2,12,-580,4,'2024-05-27 09:38:58'),(2,13,67,4,'2024-05-27 09:38:58'),(2,14,-580,4,'2024-05-27 09:38:59'),(2,15,-542,4,'2024-05-27 09:38:59'),(2,16,-580,4,'2024-05-27 09:38:59'),(2,20,730,10,'2024-05-29 10:57:08');
/*!40000 ALTER TABLE `series_user` ENABLE KEYS */;
UNLOCK TABLES;

--
-- Table structure for table `team`
--

DROP TABLE IF EXISTS `team`;
/*!40101 SET @saved_cs_client     = @@character_set_client */;
/*!50503 SET character_set_client = utf8mb4 */;
CREATE TABLE `team` (
  `Team_Id` int NOT NULL AUTO_INCREMENT,
  `Team_Name` varchar(50) COLLATE utf8mb4_general_ci NOT NULL,
  `Team_Short_Name` varchar(3) COLLATE utf8mb4_general_ci NOT NULL,
  `Updated_By` int NOT NULL,
  `Updated_TS` timestamp NOT NULL DEFAULT CURRENT_TIMESTAMP,
  PRIMARY KEY (`Team_Id`),
  KEY `FK_Updated_By_Team` (`Updated_By`),
  CONSTRAINT `FK_Updated_By_Team` FOREIGN KEY (`Updated_By`) REFERENCES `user` (`User_Id`)
) ENGINE=InnoDB AUTO_INCREMENT=32 DEFAULT CHARSET=utf8mb4 COLLATE=utf8mb4_general_ci;
/*!40101 SET character_set_client = @saved_cs_client */;

--
-- Dumping data for table `team`
--

LOCK TABLES `team` WRITE;
/*!40000 ALTER TABLE `team` DISABLE KEYS */;
INSERT INTO `team` VALUES (1,'Chennai Super Kings','CSK',10,'2024-03-29 06:40:49'),(2,'Delhi Capitals','DC',10,'2024-03-29 06:41:14'),(3,'Gujarat Titans','GT',10,'2024-03-29 06:41:35'),(4,'Kolkata Knight Riders','KKR',10,'2024-03-29 06:42:27'),(5,'Lucknow Super Giants','LSG',10,'2024-03-29 06:42:55'),(6,'Mumbai Indians','MI',10,'2024-03-29 06:43:13'),(7,'Punjab Kings','PBK',10,'2024-03-29 06:43:37'),(8,'Rajasthan Royals','RR',10,'2024-03-29 06:43:55'),(9,'Royal Challengers Bangalore','RCB',10,'2024-03-29 06:44:18'),(10,'Sunrisers Hyderabad','SRH',10,'2024-03-29 06:44:34'),(11,'Netherlands','NED',4,'2024-05-27 09:28:01'),(12,'Nepal','NEP',4,'2024-05-27 09:28:11'),(13,'South Africa','RSA',4,'2024-05-27 09:28:25'),(14,'Sri Lanka','SL',4,'2024-05-27 09:28:36'),(15,'Bangladesh','BAN',4,'2024-05-27 09:28:46'),(16,'Papua New Guinea','PNG',4,'2024-05-27 09:29:17'),(17,'New Zealand','NZ',4,'2024-05-27 09:29:29'),(18,'West Indies','WI',4,'2024-05-27 09:29:40'),(19,'Afghanistan','AFG',4,'2024-05-27 09:29:51'),(20,'Uganda','UGA',4,'2024-05-27 09:30:31'),(21,'England','ENG',4,'2024-05-27 09:30:47'),(22,'Australia','AUS',4,'2024-05-27 09:31:02'),(23,'Namibia','NAM',4,'2024-05-27 09:31:12'),(24,'Scotland','SCO',4,'2024-05-27 09:31:21'),(25,'Oman','OMN',4,'2024-05-27 09:31:42'),(26,'Canada','CAN',4,'2024-05-27 09:31:53'),(27,'United States','USA',4,'2024-05-27 09:32:06'),(28,'India','IND',4,'2024-05-27 09:32:15'),(29,'Pakistan','PAK',4,'2024-05-27 09:32:27'),(30,'Ireland','IRE',4,'2024-05-27 09:32:44');
/*!40000 ALTER TABLE `team` ENABLE KEYS */;
UNLOCK TABLES;

--
-- Table structure for table `user`
--

DROP TABLE IF EXISTS `user`;
/*!40101 SET @saved_cs_client     = @@character_set_client */;
/*!50503 SET character_set_client = utf8mb4 */;
CREATE TABLE `user` (
  `User_Id` int NOT NULL AUTO_INCREMENT,
  `User_Type` enum('A','U') COLLATE utf8mb4_general_ci NOT NULL DEFAULT 'U',
  `Phone` varchar(50) COLLATE utf8mb4_general_ci NOT NULL,
  `Initial_Pass` varchar(15) COLLATE utf8mb4_general_ci DEFAULT NULL,
  `Password` varchar(60) COLLATE utf8mb4_general_ci DEFAULT NULL,
  `Name` varchar(58) COLLATE utf8mb4_general_ci NOT NULL,
  `Updated_By` int NOT NULL,
  `Updated_TS` timestamp NOT NULL DEFAULT CURRENT_TIMESTAMP,
  PRIMARY KEY (`User_Id`),
  UNIQUE KEY `Email_UNIQUE` (`Phone`),
  KEY `FK_Updated_By_User` (`Updated_By`),
  CONSTRAINT `FK_Updated_By_User` FOREIGN KEY (`Updated_By`) REFERENCES `user` (`User_Id`)
) ENGINE=InnoDB AUTO_INCREMENT=21 DEFAULT CHARSET=utf8mb4 COLLATE=utf8mb4_general_ci;
/*!40101 SET character_set_client = @saved_cs_client */;

--
-- Dumping data for table `user`
--

LOCK TABLES `user` WRITE;
/*!40000 ALTER TABLE `user` DISABLE KEYS */;
INSERT INTO `user` VALUES (1,'A','7827278998',NULL,'$2b$12$4PmhyXc2jz7jR8dWHyPmuOlUR2uH1nzcQ/JbQTygZvrO5/A3uiEni','Ravi',1,'2024-03-29 07:20:40'),(2,'A','9160022298',NULL,'$2b$12$zQ8AJWDMl2iQBv7H0fjwCeITqMvJ.8jjo8rMKEP0wFAGBwXGBbwg2','Keerti',1,'2024-03-29 07:21:37'),(3,'U','9701176548',NULL,'$2b$12$o/lxaLx6l67xcz941zu3vO2rsjV66bLVuDVwlnHkLFtQDPuOkD7Wy','Raju',1,'2024-03-29 07:22:13'),(4,'A','8886008619',NULL,'$2b$12$iV7FpZ.SHEwc.7eRf/DWH.sMgS1lQsDyt9cMnXSUREI2HMVOFtqFy','Venkat',1,'2024-03-29 07:22:44'),(5,'A','9894870676',NULL,'$2b$12$9kZUmHRkMYGHw0owUmGbveOo9oGt5/Iyvdm1xatVDK8Y3.IFEqW16','Narasimman',1,'2024-03-29 07:23:21'),(6,'U','9032202464',NULL,'$2b$12$hf9pW/W4bYrEbXcfLGP2vu93RuwLuGQ0tscxD/RoWDA7cU6kqKpZC','Preeti',1,'2024-03-29 07:24:14'),(7,'U','9493423191',NULL,'$2b$12$lB2GWlGfscphm6IvkKuT0O07/80LnpGhOesWMEzgQpR1IclCliUBW','Giri',1,'2024-03-29 07:24:39'),(8,'U','9666336044',NULL,'$2b$12$91aHiVGdHTkGN1hKQ1slaOsYDRrtummmrGvFDDvRW4/iljsczrcey','Kishore',1,'2024-03-29 07:25:06'),(9,'U','6383083116',NULL,'$2b$12$GesYvUzwoLgUtFloQ4rwJudtvZs.q3OVN/l21YEP4gACZtdrhVf1e','Hari',1,'2024-03-29 07:25:26'),(10,'A','8101042280',NULL,'$2b$12$kw4rgD3qgk9o0vhGKpGG3eE8TBD0wIqEU9jKMNvOa1jo3wGI2J/Ca','Avinash',1,'2024-03-29 06:11:46'),(11,'U','9989849376','udxh232b',NULL,'Kondal',1,'2024-03-29 07:25:57'),(12,'U','9971100851',NULL,'$2b$12$NugTiEERhZsVln1/acmcHureizMXq2j8CExf940yfILA3R.51rBBm','Vijay',1,'2024-03-29 07:26:22'),(13,'U','9030777464',NULL,'$2b$12$O1sYPS7vLtL0Bk.bXYTQROVpeMc.xafRKlsvk7LCCA3hgCzJxDm8S','Madan',1,'2024-03-29 07:26:55'),(14,'U','9873384947',NULL,'$2b$12$oLKKTt1SXzmTlOx9xWcgaethOLiHP7nj0R23e3YAukZaJVk/Kj9oW','Abhishek',1,'2024-03-29 07:27:22'),(15,'U','9717877796',NULL,'$2b$12$Zbh1kZA9nEqzZzQCxBlMwODj..CAROiXtAZZwpqLpSchQfJR7Tqhu','Shivam',1,'2024-03-29 07:27:44'),(16,'U','9718313247',NULL,'$2b$12$xdgt3ChYuAD4m/UB.DYfyOhknWd450FSjM50O8hytcP39O.03M7mG','Himanshu',1,'2024-03-29 07:28:15'),(20,'U','8008513260',NULL,'$2b$12$WBPG1yPoecWDyqDZ4QfjZOaq9wT9BhN.r.LbXyLYxItwcfUmEMPRq','Dheeraj',10,'2024-05-29 10:55:20');
/*!40000 ALTER TABLE `user` ENABLE KEYS */;
UNLOCK TABLES;
/*!40103 SET TIME_ZONE=@OLD_TIME_ZONE */;

/*!40101 SET SQL_MODE=@OLD_SQL_MODE */;
/*!40014 SET FOREIGN_KEY_CHECKS=@OLD_FOREIGN_KEY_CHECKS */;
/*!40014 SET UNIQUE_CHECKS=@OLD_UNIQUE_CHECKS */;
/*!40101 SET CHARACTER_SET_CLIENT=@OLD_CHARACTER_SET_CLIENT */;
/*!40101 SET CHARACTER_SET_RESULTS=@OLD_CHARACTER_SET_RESULTS */;
/*!40101 SET COLLATION_CONNECTION=@OLD_COLLATION_CONNECTION */;
/*!40111 SET SQL_NOTES=@OLD_SQL_NOTES */;

-- Dump completed on 2024-06-16  0:02:50
